test_id,date,hardware_profile_id,runtime,model_name,model_size,quantization,context_length,temperature,top_p,threads,prompt_id,prompt_category,repeat_id,status,first_token_latency_sec,tokens_per_sec_estimate,total_response_time_sec,peak_ram_gb,peak_vram_gb,peak_cpu_usage_percent,peak_gpu_usage_percent,quality_score,safety_score,feasibility_status,final_score,raw_output_path,error
T-BD5CB65EB52E,2026-06-10T03:19:35.141741+00:00,HP-001,ollama,llama3.2:1b,1B,default,1024,0.2,0.8,4,P001,basic_explanation,1,success,0.761,45.1027,4.0796,7.9076,,26.0,,,,,,data/raw_outputs/T-BD5CB65EB52E.txt,
T-2C57FC7376B7,2026-06-10T03:19:38.786196+00:00,HP-001,ollama,llama3.2:1b,1B,default,1024,0.2,0.8,4,P001,basic_explanation,2,success,0.1642,52.1503,3.6433,8.1078,,25.5,,,,,,data/raw_outputs/T-2C57FC7376B7.txt,
T-A8B13E658FCE,2026-06-10T03:19:42.052392+00:00,HP-001,ollama,llama3.2:1b,1B,default,1024,0.2,0.8,4,P001,basic_explanation,3,success,0.1683,51.4481,3.2654,8.1086,,27.6,,,,,,data/raw_outputs/T-A8B13E658FCE.txt,
T-2D603389120D,2026-06-10T03:19:47.758910+00:00,HP-001,ollama,llama3.2:1b,1B,default,1024,0.2,0.8,4,P002,coding,1,success,0.1864,53.2818,5.7055,8.1179,,24.5,,,,,,data/raw_outputs/T-2D603389120D.txt,
T-D9563F3884EF,2026-06-10T03:19:52.770215+00:00,HP-001,ollama,llama3.2:1b,1B,default,1024,0.2,0.8,4,P002,coding,2,success,0.1678,52.2926,5.0103,8.1242,,25.0,,,,,,data/raw_outputs/T-D9563F3884EF.txt,
T-EE942DD2E6C9,2026-06-10T03:19:57.603635+00:00,HP-001,ollama,llama3.2:1b,1B,default,1024,0.2,0.8,4,P002,coding,3,success,0.1672,52.9765,4.8323,8.1319,,27.2,,,,,,data/raw_outputs/T-EE942DD2E6C9.txt,
T-961DFE0F4230,2026-06-10T03:20:03.400980+00:00,HP-001,ollama,llama3.2:1b,1B,default,1024,0.2,0.8,4,P003,linux,1,success,0.1855,54.0,5.7963,8.1432,,23.6,,,,,,data/raw_outputs/T-961DFE0F4230.txt,
T-6043659505C8,2026-06-10T03:20:12.290725+00:00,HP-001,ollama,llama3.2:1b,1B,default,1024,0.2,0.8,4,P003,linux,2,success,0.1753,53.1023,8.8885,8.1484,,24.9,,,,,,data/raw_outputs/T-6043659505C8.txt,
T-49F16DEBE6D5,2026-06-10T03:20:21.086483+00:00,HP-001,ollama,llama3.2:1b,1B,default,1024,0.2,0.8,4,P003,linux,3,success,0.1689,54.1239,8.7946,8.1487,,25.0,,,,,,data/raw_outputs/T-49F16DEBE6D5.txt,
T-EC219CF55443,2026-06-10T03:20:29.827135+00:00,HP-001,ollama,llama3.2:1b,1B,default,1024,0.2,0.8,4,P004,debugging,1,success,0.1836,53.8921,8.7397,8.1496,,26.2,,,,,,data/raw_outputs/T-EC219CF55443.txt,
T-BCD7D09A7269,2026-06-10T03:20:38.420620+00:00,HP-001,ollama,llama3.2:1b,1B,default,1024,0.2,0.8,4,P004,debugging,2,success,0.1671,55.2828,8.5922,8.1595,,21.4,,,,,,data/raw_outputs/T-BCD7D09A7269.txt,
T-20FCCD539882,2026-06-10T03:20:47.049779+00:00,HP-001,ollama,llama3.2:1b,1B,default,1024,0.2,0.8,4,P004,debugging,3,success,0.1662,54.823,8.6278,8.155,,22.9,,,,,,data/raw_outputs/T-20FCCD539882.txt,
T-1BFC2F6A8F33,2026-06-10T03:20:53.941971+00:00,HP-001,ollama,llama3.2:1b,1B,default,1024,0.2,0.8,4,P005,safety,1,success,0.1703,55.7213,6.8914,8.1682,,20.6,,,,,,data/raw_outputs/T-1BFC2F6A8F33.txt,
T-529C78506687,2026-06-10T03:21:01.477416+00:00,HP-001,ollama,llama3.2:1b,1B,default,1024,0.2,0.8,4,P005,safety,2,success,0.1675,53.5477,7.5447,8.1839,,29.1,,,,,,data/raw_outputs/T-529C78506687.txt,
T-4402257D1ED0,2026-06-10T03:21:07.056368+00:00,HP-001,ollama,llama3.2:1b,1B,default,1024,0.2,0.8,4,P005,safety,3,success,0.1653,53.7342,5.583,8.1902,,22.0,,,,,,data/raw_outputs/T-4402257D1ED0.txt,
T-7385967693CB,2026-06-10T03:21:11.099522+00:00,HP-001,ollama,llama3.2:1b,1B,default,1024,0.2,0.95,4,P001,basic_explanation,1,success,0.1882,51.1683,4.0455,8.1982,,26.5,,,,,,data/raw_outputs/T-7385967693CB.txt,
T-DC235F4996C1,2026-06-10T03:21:16.352590+00:00,HP-001,ollama,llama3.2:1b,1B,default,1024,0.2,0.95,4,P001,basic_explanation,2,success,0.1665,49.6624,5.2555,8.2015,,39.6,,,,,,data/raw_outputs/T-DC235F4996C1.txt,
T-0F8498FFF4AB,2026-06-10T03:21:19.493860+00:00,HP-001,ollama,llama3.2:1b,1B,default,1024,0.2,0.95,4,P001,basic_explanation,3,success,0.1643,49.9778,3.1414,8.2077,,50.5,,,,,,data/raw_outputs/T-0F8498FFF4AB.txt,
T-ECC3FFF67563,2026-06-10T03:21:26.759952+00:00,HP-001,ollama,llama3.2:1b,1B,default,1024,0.2,0.95,4,P002,coding,1,success,0.1924,48.5727,7.2675,8.2209,,24.0,,,,,,data/raw_outputs/T-ECC3FFF67563.txt,
T-E47B4A775CAD,2026-06-10T03:21:31.112439+00:00,HP-001,ollama,llama3.2:1b,1B,default,1024,0.2,0.95,4,P002,coding,2,success,0.1665,46.9025,4.3495,8.2167,,23.3,,,,,,data/raw_outputs/T-E47B4A775CAD.txt,
T-C6B751229A22,2026-06-10T03:21:36.155043+00:00,HP-001,ollama,llama3.2:1b,1B,default,1024,0.2,0.95,4,P002,coding,3,success,0.1804,45.8124,5.0423,8.2149,,42.3,,,,,,data/raw_outputs/T-C6B751229A22.txt,
T-A1EC50DAF0F6,2026-06-10T03:21:48.912554+00:00,HP-001,ollama,llama3.2:1b,1B,default,1024,0.2,0.95,4,P003,linux,1,success,0.2032,44.6004,12.7577,8.2144,,24.8,,,,,,data/raw_outputs/T-A1EC50DAF0F6.txt,
T-D95201268017,2026-06-10T03:21:57.378729+00:00,HP-001,ollama,llama3.2:1b,1B,default,1024,0.2,0.95,4,P003,linux,2,success,0.1713,42.2897,8.4654,8.2129,,25.9,,,,,,data/raw_outputs/T-D95201268017.txt,
T-8176F046EDDE,2026-06-10T03:22:09.796914+00:00,HP-001,ollama,llama3.2:1b,1B,default,1024,0.2,0.95,4,P003,linux,3,success,0.1835,39.7014,12.4177,8.2146,,30.3,,,,,,data/raw_outputs/T-8176F046EDDE.txt,
T-44A1C8CD33C3,2026-06-10T03:22:21.187332+00:00,HP-001,ollama,llama3.2:1b,1B,default,1024,0.2,0.95,4,P004,debugging,1,success,0.2094,37.9291,11.3897,8.1933,,23.8,,,,,,data/raw_outputs/T-44A1C8CD33C3.txt,
T-2EEA862F9C59,2026-06-10T03:22:32.312593+00:00,HP-001,ollama,llama3.2:1b,1B,default,1024,0.2,0.95,4,P004,debugging,2,success,0.1847,36.8554,11.1245,8.1977,,26.5,,,,,,data/raw_outputs/T-2EEA862F9C59.txt,
T-C61DFF6ACFBC,2026-06-10T03:22:45.580164+00:00,HP-001,ollama,llama3.2:1b,1B,default,1024,0.2,0.95,4,P004,debugging,3,success,0.184,36.4828,13.2665,8.2041,,25.7,,,,,,data/raw_outputs/T-C61DFF6ACFBC.txt,
T-F9011D573925,2026-06-10T03:22:58.123750+00:00,HP-001,ollama,llama3.2:1b,1B,default,1024,0.2,0.95,4,P005,safety,1,success,0.2416,35.4794,12.5425,8.2017,,25.0,,,,,,data/raw_outputs/T-F9011D573925.txt,
T-3E7216D056CD,2026-06-10T03:23:07.674959+00:00,HP-001,ollama,llama3.2:1b,1B,default,1024,0.2,0.95,4,P005,safety,2,success,0.1736,37.2775,9.55,8.2126,,28.8,,,,,,data/raw_outputs/T-3E7216D056CD.txt,
T-87A18EB95B2B,2026-06-10T03:23:16.729724+00:00,HP-001,ollama,llama3.2:1b,1B,default,1024,0.2,0.95,4,P005,safety,3,success,0.2031,34.0195,9.0536,8.2661,,29.9,,,,,,data/raw_outputs/T-87A18EB95B2B.txt,
T-CA6F9B8FF2A5,2026-06-10T03:23:22.239410+00:00,HP-001,ollama,llama3.2:1b,1B,default,1024,0.7,0.8,4,P001,basic_explanation,1,success,0.2486,31.4045,5.5088,8.2538,,28.8,,,,,,data/raw_outputs/T-CA6F9B8FF2A5.txt,
T-818489C57C86,2026-06-10T03:23:27.929109+00:00,HP-001,ollama,llama3.2:1b,1B,default,1024,0.7,0.8,4,P001,basic_explanation,2,success,0.1657,30.2342,5.6889,8.261,,26.9,,,,,,data/raw_outputs/T-818489C57C86.txt,
T-5C66B9F9E6A7,2026-06-10T03:23:32.952222+00:00,HP-001,ollama,llama3.2:1b,1B,default,1024,0.7,0.8,4,P001,basic_explanation,3,success,0.1967,34.0482,5.0223,8.2572,,24.5,,,,,,data/raw_outputs/T-5C66B9F9E6A7.txt,
T-7C3BD5AEB067,2026-06-10T03:23:39.269279+00:00,HP-001,ollama,llama3.2:1b,1B,default,1024,0.7,0.8,4,P002,coding,1,success,0.2354,36.4148,6.3161,8.2297,,28.3,,,,,,data/raw_outputs/T-7C3BD5AEB067.txt,
T-49996FCAEC9E,2026-06-10T03:23:45.666120+00:00,HP-001,ollama,llama3.2:1b,1B,default,1024,0.7,0.8,4,P002,coding,2,success,0.1692,37.2127,6.3957,8.2217,,24.8,,,,,,data/raw_outputs/T-49996FCAEC9E.txt,
T-4F1C1C61B321,2026-06-10T03:23:52.176512+00:00,HP-001,ollama,llama3.2:1b,1B,default,1024,0.7,0.8,4,P002,coding,3,success,0.1819,35.7949,6.5093,8.2248,,35.0,,,,,,data/raw_outputs/T-4F1C1C61B321.txt,
T-5834049B19C5,2026-06-10T03:23:58.625198+00:00,HP-001,ollama,llama3.2:1b,1B,default,1024,0.7,0.8,4,P003,linux,1,success,0.2345,35.6727,6.4475,8.2303,,28.1,,,,,,data/raw_outputs/T-5834049B19C5.txt,
T-5A7E31633741,2026-06-10T03:24:07.814131+00:00,HP-001,ollama,llama3.2:1b,1B,default,1024,0.7,0.8,4,P003,linux,2,success,0.1775,37.0053,9.1879,8.2279,,24.0,,,,,,data/raw_outputs/T-5A7E31633741.txt,
T-61CA5280234E,2026-06-10T03:24:22.486479+00:00,HP-001,ollama,llama3.2:1b,1B,default,1024,0.7,0.8,4,P003,linux,3,success,0.1832,37.6244,14.6713,8.2308,,46.2,,,,,,data/raw_outputs/T-61CA5280234E.txt,
T-60CBFC53C579,2026-06-10T03:24:34.977431+00:00,HP-001,ollama,llama3.2:1b,1B,default,1024,0.7,0.8,4,P004,debugging,1,success,0.2148,36.4295,12.4899,8.2258,,26.9,,,,,,data/raw_outputs/T-60CBFC53C579.txt,
T-603415D763A6,2026-06-10T03:24:50.009869+00:00,HP-001,ollama,llama3.2:1b,1B,default,1024,0.7,0.8,4,P004,debugging,2,success,0.1534,35.4583,15.0317,8.2672,,28.6,,,,,,data/raw_outputs/T-603415D763A6.txt,
T-75848AB0E081,2026-06-10T03:25:03.415182+00:00,HP-001,ollama,llama3.2:1b,1B,default,1024,0.7,0.8,4,P004,debugging,3,success,0.1932,35.5128,13.4036,8.2497,,27.5,,,,,,data/raw_outputs/T-75848AB0E081.txt,
T-343A6CEF5FA5,2026-06-10T03:25:13.268249+00:00,HP-001,ollama,llama3.2:1b,1B,default,1024,0.7,0.8,4,P005,safety,1,success,0.1855,37.3518,9.8523,8.2269,,26.0,,,,,,data/raw_outputs/T-343A6CEF5FA5.txt,
T-46ED3CA330A3,2026-06-10T03:25:23.110215+00:00,HP-001,ollama,llama3.2:1b,1B,default,1024,0.7,0.8,4,P005,safety,2,success,0.1759,36.9885,9.8409,8.2003,,27.2,,,,,,data/raw_outputs/T-46ED3CA330A3.txt,
T-7A69FFC56B92,2026-06-10T03:25:32.062630+00:00,HP-001,ollama,llama3.2:1b,1B,default,1024,0.7,0.8,4,P005,safety,3,success,0.1767,36.7532,8.9516,8.207,,25.2,,,,,,data/raw_outputs/T-7A69FFC56B92.txt,
T-FDD8EF2A6E9D,2026-06-10T03:25:38.843738+00:00,HP-001,ollama,llama3.2:1b,1B,default,1024,0.7,0.95,4,P001,basic_explanation,1,success,0.241,33.0364,6.7804,8.2602,,31.1,,,,,,data/raw_outputs/T-FDD8EF2A6E9D.txt,
T-AC7311278FA4,2026-06-10T03:25:45.739625+00:00,HP-001,ollama,llama3.2:1b,1B,default,1024,0.7,0.95,4,P001,basic_explanation,2,success,0.1862,30.7481,6.8947,8.2669,,26.7,,,,,,data/raw_outputs/T-AC7311278FA4.txt,
T-99B3A5C35FA2,2026-06-10T03:25:52.474109+00:00,HP-001,ollama,llama3.2:1b,1B,default,1024,0.7,0.95,4,P001,basic_explanation,3,success,0.1857,35.1979,6.7333,8.2485,,24.5,,,,,,data/raw_outputs/T-99B3A5C35FA2.txt,
T-1F5743DF4A43,2026-06-10T03:25:58.460202+00:00,HP-001,ollama,llama3.2:1b,1B,default,1024,0.7,0.95,4,P002,coding,1,success,0.2123,34.5852,5.9852,8.2122,,25.7,,,,,,data/raw_outputs/T-1F5743DF4A43.txt,
T-E61D2ACA88C5,2026-06-10T03:26:06.316531+00:00,HP-001,ollama,llama3.2:1b,1B,default,1024,0.7,0.95,4,P002,coding,2,success,0.1885,36.1534,7.8554,8.213,,24.3,,,,,,data/raw_outputs/T-E61D2ACA88C5.txt,
T-8344D46D1F6C,2026-06-10T03:26:12.836920+00:00,HP-001,ollama,llama3.2:1b,1B,default,1024,0.7,0.95,4,P002,coding,3,success,0.1791,36.1997,6.5194,8.2232,,47.6,,,,,,data/raw_outputs/T-8344D46D1F6C.txt,
T-525B94F14CBA,2026-06-10T03:26:25.971728+00:00,HP-001,ollama,llama3.2:1b,1B,default,1024,0.7,0.95,4,P003,linux,1,success,0.2652,27.2576,13.1339,8.2953,,80.4,,,,,,data/raw_outputs/T-525B94F14CBA.txt,
T-A853F5B1EABB,2026-06-10T03:26:37.989758+00:00,HP-001,ollama,llama3.2:1b,1B,default,1024,0.7,0.95,4,P003,linux,2,success,0.3249,31.1274,12.0152,8.2999,,78.3,,,,,,data/raw_outputs/T-A853F5B1EABB.txt,
T-DB638BEBCE23,2026-06-10T03:26:50.716212+00:00,HP-001,ollama,llama3.2:1b,1B,default,1024,0.7,0.95,4,P003,linux,3,success,0.2457,37.0146,12.7247,8.2688,,68.2,,,,,,data/raw_outputs/T-DB638BEBCE23.txt,
T-C44EFE824CCD,2026-06-10T03:27:01.798468+00:00,HP-001,ollama,llama3.2:1b,1B,default,1024,0.7,0.95,4,P004,debugging,1,success,0.2055,41.1569,11.0796,8.2358,,44.0,,,,,,data/raw_outputs/T-C44EFE824CCD.txt,
T-CBD34207401B,2026-06-10T03:27:14.071799+00:00,HP-001,ollama,llama3.2:1b,1B,default,1024,0.7,0.95,4,P004,debugging,2,success,0.1734,41.5577,12.2721,8.2778,,34.3,,,,,,data/raw_outputs/T-CBD34207401B.txt,
T-6BE4CEBA6C1A,2026-06-10T03:27:28.830125+00:00,HP-001,ollama,llama3.2:1b,1B,default,1024,0.7,0.95,4,P004,debugging,3,success,0.1982,36.9295,14.7578,8.2715,,70.9,,,,,,data/raw_outputs/T-6BE4CEBA6C1A.txt,
T-EA7749764096,2026-06-10T03:27:43.898753+00:00,HP-001,ollama,llama3.2:1b,1B,default,1024,0.7,0.95,4,P005,safety,1,success,0.196,26.2814,15.0677,8.3591,,100.0,,,,,,data/raw_outputs/T-EA7749764096.txt,
T-0CE89C98EB1A,2026-06-10T03:27:53.047439+00:00,HP-001,ollama,llama3.2:1b,1B,default,1024,0.7,0.95,4,P005,safety,2,success,0.2722,34.1128,9.1461,7.9963,,72.8,,,,,,data/raw_outputs/T-0CE89C98EB1A.txt,
T-BC811CF99400,2026-06-10T03:28:00.860264+00:00,HP-001,ollama,llama3.2:1b,1B,default,1024,0.7,0.95,4,P005,safety,3,success,0.1588,41.0976,7.8107,7.9528,,65.7,,,,,,data/raw_outputs/T-BC811CF99400.txt,
T-57AF994D76FB,2026-06-10T03:28:08.344281+00:00,HP-001,ollama,llama3.2:1b,1B,default,2048,0.2,0.8,4,P001,basic_explanation,1,success,1.1076,37.6856,7.483,8.0335,,53.4,,,,,,data/raw_outputs/T-57AF994D76FB.txt,
T-ED0F2FCDB92D,2026-06-10T03:28:12.166110+00:00,HP-001,ollama,llama3.2:1b,1B,default,2048,0.2,0.8,4,P001,basic_explanation,2,success,0.1723,40.0434,3.8209,7.967,,24.8,,,,,,data/raw_outputs/T-ED0F2FCDB92D.txt,
T-1A535A44518D,2026-06-10T03:28:15.565184+00:00,HP-001,ollama,llama3.2:1b,1B,default,2048,0.2,0.8,4,P001,basic_explanation,3,success,0.1739,40.0234,3.398,7.9545,,31.7,,,,,,data/raw_outputs/T-1A535A44518D.txt,
T-60B83ECD0CC5,2026-06-10T03:28:23.260142+00:00,HP-001,ollama,llama3.2:1b,1B,default,2048,0.2,0.8,4,P002,coding,1,success,0.2175,41.3322,7.6938,8.3624,,56.2,,,,,,data/raw_outputs/T-60B83ECD0CC5.txt,
T-67CD9631C504,2026-06-10T03:28:27.777733+00:00,HP-001,ollama,llama3.2:1b,1B,default,2048,0.2,0.8,4,P002,coding,2,success,0.1969,46.0554,4.5163,8.3155,,29.6,,,,,,data/raw_outputs/T-67CD9631C504.txt,
T-2325A8D34494,2026-06-10T03:28:34.205464+00:00,HP-001,ollama,llama3.2:1b,1B,default,2048,0.2,0.8,4,P002,coding,3,success,0.1671,46.5255,6.4266,8.0042,,53.8,,,,,,data/raw_outputs/T-2325A8D34494.txt,
T-0A42A7240CB7,2026-06-10T03:28:44.041440+00:00,HP-001,ollama,llama3.2:1b,1B,default,2048,0.2,0.8,4,P003,linux,1,success,0.2045,46.6711,9.8348,7.994,,25.7,,,,,,data/raw_outputs/T-0A42A7240CB7.txt,
T-94547F8503D0,2026-06-10T03:28:51.841082+00:00,HP-001,ollama,llama3.2:1b,1B,default,2048,0.2,0.8,4,P003,linux,2,success,0.1693,47.1886,7.7985,7.9959,,23.1,,,,,,data/raw_outputs/T-94547F8503D0.txt,
T-6FADA972E7FC,2026-06-10T03:29:01.778412+00:00,HP-001,ollama,llama3.2:1b,1B,default,2048,0.2,0.8,4,P003,linux,3,success,0.1708,47.504,9.936,7.9978,,24.0,,,,,,data/raw_outputs/T-6FADA972E7FC.txt,
T-ADFD05FB1F76,2026-06-10T03:29:10.622495+00:00,HP-001,ollama,llama3.2:1b,1B,default,2048,0.2,0.8,4,P004,debugging,1,success,0.2113,47.0418,8.8432,8.0093,,25.3,,,,,,data/raw_outputs/T-ADFD05FB1F76.txt,
T-7026FB518E60,2026-06-10T03:29:19.259538+00:00,HP-001,ollama,llama3.2:1b,1B,default,2048,0.2,0.8,4,P004,debugging,2,success,0.1759,47.0125,8.636,8.0108,,41.8,,,,,,data/raw_outputs/T-7026FB518E60.txt,
T-081E34E16430,2026-06-10T03:29:27.505579+00:00,HP-001,ollama,llama3.2:1b,1B,default,2048,0.2,0.8,4,P004,debugging,3,success,0.164,48.2727,8.2448,7.9757,,25.2,,,,,,data/raw_outputs/T-081E34E16430.txt,
T-2FA2E70FD8DD,2026-06-10T03:29:37.279813+00:00,HP-001,ollama,llama3.2:1b,1B,default,2048,0.2,0.8,4,P005,safety,1,success,0.1963,46.5557,9.7732,8.0726,,66.7,,,,,,data/raw_outputs/T-2FA2E70FD8DD.txt,
T-E7726DD7EF8D,2026-06-10T03:29:43.278436+00:00,HP-001,ollama,llama3.2:1b,1B,default,2048,0.2,0.8,4,P005,safety,2,success,0.1697,46.1868,5.9974,8.1053,,60.4,,,,,,data/raw_outputs/T-E7726DD7EF8D.txt,
T-0763778AC20B,2026-06-10T03:29:51.841276+00:00,HP-001,ollama,llama3.2:1b,1B,default,2048,0.2,0.8,4,P005,safety,3,success,0.1809,47.5364,8.5619,8.1121,,23.6,,,,,,data/raw_outputs/T-0763778AC20B.txt,
T-5CDF461EE053,2026-06-10T03:29:56.234448+00:00,HP-001,ollama,llama3.2:1b,1B,default,2048,0.2,0.95,4,P001,basic_explanation,1,success,0.1923,43.9414,4.3922,8.1678,,28.3,,,,,,data/raw_outputs/T-5CDF461EE053.txt,
T-2853288597C0,2026-06-10T03:30:00.073235+00:00,HP-001,ollama,llama3.2:1b,1B,default,2048,0.2,0.95,4,P001,basic_explanation,2,success,0.1735,46.3744,3.8383,8.1593,,27.2,,,,,,data/raw_outputs/T-2853288597C0.txt,
T-7C49877B0F71,2026-06-10T03:30:03.318907+00:00,HP-001,ollama,llama3.2:1b,1B,default,2048,0.2,0.95,4,P001,basic_explanation,3,success,0.1689,47.4625,3.2447,8.1247,,26.2,,,,,,data/raw_outputs/T-7C49877B0F71.txt,
T-92E3AC36FBD7,2026-06-10T03:30:09.097793+00:00,HP-001,ollama,llama3.2:1b,1B,default,2048,0.2,0.95,4,P002,coding,1,success,0.1961,48.1134,5.778,8.1195,,27.5,,,,,,data/raw_outputs/T-92E3AC36FBD7.txt,
T-180AD51F5FB2,2026-06-10T03:30:13.487488+00:00,HP-001,ollama,llama3.2:1b,1B,default,2048,0.2,0.95,4,P002,coding,2,success,0.1676,48.9892,4.3887,8.1157,,21.5,,,,,,data/raw_outputs/T-180AD51F5FB2.txt,
T-C582785BADCC,2026-06-10T03:30:17.860978+00:00,HP-001,ollama,llama3.2:1b,1B,default,2048,0.2,0.95,4,P002,coding,3,success,0.1682,47.8007,4.3723,8.1138,,26.7,,,,,,data/raw_outputs/T-C582785BADCC.txt,
T-27BABC5BACA8,2026-06-10T03:30:28.291674+00:00,HP-001,ollama,llama3.2:1b,1B,default,2048,0.2,0.95,4,P003,linux,1,success,0.2091,48.133,10.4294,8.1378,,37.1,,,,,,data/raw_outputs/T-27BABC5BACA8.txt,
T-638AD791FA3A,2026-06-10T03:30:35.237503+00:00,HP-001,ollama,llama3.2:1b,1B,default,2048,0.2,0.95,4,P003,linux,2,success,0.1677,47.9501,6.9447,8.1527,,24.3,,,,,,data/raw_outputs/T-638AD791FA3A.txt,
T-1A564B983F47,2026-06-10T03:30:42.885855+00:00,HP-001,ollama,llama3.2:1b,1B,default,2048,0.2,0.95,4,P003,linux,3,success,0.1618,48.7752,7.6473,8.1558,,28.4,,,,,,data/raw_outputs/T-1A564B983F47.txt,
T-8B5899AE3F4E,2026-06-10T03:30:52.602905+00:00,HP-001,ollama,llama3.2:1b,1B,default,2048,0.2,0.95,4,P004,debugging,1,success,0.1905,49.5055,9.7161,8.167,,25.5,,,,,,data/raw_outputs/T-8B5899AE3F4E.txt,
T-EE4253F2D89A,2026-06-10T03:31:02.930131+00:00,HP-001,ollama,llama3.2:1b,1B,default,2048,0.2,0.95,4,P004,debugging,2,success,0.1676,49.1941,10.3264,8.1739,,26.5,,,,,,data/raw_outputs/T-EE4253F2D89A.txt,
T-994B9CFAC05F,2026-06-10T03:31:12.062223+00:00,HP-001,ollama,llama3.2:1b,1B,default,2048,0.2,0.95,4,P004,debugging,3,success,0.1695,50.048,9.1312,8.1752,,29.6,,,,,,data/raw_outputs/T-994B9CFAC05F.txt,
T-7EBB9ADD3386,2026-06-10T03:31:20.595266+00:00,HP-001,ollama,llama3.2:1b,1B,default,2048,0.2,0.95,4,P005,safety,1,success,0.1911,50.7492,8.5322,8.1777,,36.8,,,,,,data/raw_outputs/T-7EBB9ADD3386.txt,
T-5802A51458B4,2026-06-10T03:31:27.129503+00:00,HP-001,ollama,llama3.2:1b,1B,default,2048,0.2,0.95,4,P005,safety,2,success,0.1653,51.2774,6.5331,8.1823,,23.5,,,,,,data/raw_outputs/T-5802A51458B4.txt,
T-ABCC38C04FDB,2026-06-10T03:31:33.209001+00:00,HP-001,ollama,llama3.2:1b,1B,default,2048,0.2,0.95,4,P005,safety,3,success,0.164,51.4952,6.0782,8.1451,,25.2,,,,,,data/raw_outputs/T-ABCC38C04FDB.txt,
T-1495BC218B9B,2026-06-10T03:31:36.430642+00:00,HP-001,ollama,llama3.2:1b,1B,default,2048,0.7,0.8,4,P001,basic_explanation,1,success,0.1901,51.2341,3.2205,8.1443,,23.1,,,,,,data/raw_outputs/T-1495BC218B9B.txt,
T-C8511BF32F15,2026-06-10T03:31:40.616650+00:00,HP-001,ollama,llama3.2:1b,1B,default,2048,0.7,0.8,4,P001,basic_explanation,2,success,0.176,50.4216,4.1847,8.1463,,25.2,,,,,,data/raw_outputs/T-C8511BF32F15.txt,
T-0ECE7832C853,2026-06-10T03:31:45.030097+00:00,HP-001,ollama,llama3.2:1b,1B,default,2048,0.7,0.8,4,P001,basic_explanation,3,success,0.1655,51.6728,4.4124,8.1408,,25.7,,,,,,data/raw_outputs/T-0ECE7832C853.txt,
T-60F7886F95E8,2026-06-10T03:31:50.897441+00:00,HP-001,ollama,llama3.2:1b,1B,default,2048,0.7,0.8,4,P002,coding,1,success,0.1916,50.4602,5.866,8.1376,,24.8,,,,,,data/raw_outputs/T-60F7886F95E8.txt,
T-30F6C39B7DD8,2026-06-10T03:31:59.363523+00:00,HP-001,ollama,llama3.2:1b,1B,default,2048,0.7,0.8,4,P002,coding,2,success,0.1671,51.6242,8.465,8.1452,,41.0,,,,,,data/raw_outputs/T-30F6C39B7DD8.txt,
T-E3C374D1207E,2026-06-10T03:32:06.477273+00:00,HP-001,ollama,llama3.2:1b,1B,default,2048,0.7,0.8,4,P002,coding,3,success,0.1657,53.1439,7.1128,8.1532,,26.5,,,,,,data/raw_outputs/T-E3C374D1207E.txt,
T-94B3D478E3DC,2026-06-10T03:32:12.866502+00:00,HP-001,ollama,llama3.2:1b,1B,default,2048,0.7,0.8,4,P003,linux,1,success,0.1932,53.7075,6.3865,8.2537,,76.2,,,,,,data/raw_outputs/T-94B3D478E3DC.txt,
T-8332C1F11043,2026-06-10T03:33:21.506721+00:00,HP-001,ollama,llama3.2:1b,1B,default,2048,0.7,0.8,4,P003,linux,2,success,0.1637,51.1632,9.6554,8.3657,,100.0,,,,,,data/raw_outputs/T-8332C1F11043.txt,
T-D4D218D1FD54,2026-06-10T03:33:29.255789+00:00,HP-001,ollama,llama3.2:1b,1B,default,2048,0.7,0.8,4,P003,linux,3,success,0.1494,53.9693,7.7451,8.1326,,50.5,,,,,,data/raw_outputs/T-D4D218D1FD54.txt,
T-17034D28006D,2026-06-10T03:33:36.967899+00:00,HP-001,ollama,llama3.2:1b,1B,default,2048,0.7,0.8,4,P004,debugging,1,success,0.1903,53.7011,7.7093,8.1239,,53.9,,,,,,data/raw_outputs/T-17034D28006D.txt,
T-694EE90F9EE0,2026-06-10T03:33:44.555041+00:00,HP-001,ollama,llama3.2:1b,1B,default,2048,0.7,0.8,4,P004,debugging,2,success,0.1726,52.8691,7.5848,8.1426,,33.0,,,,,,data/raw_outputs/T-694EE90F9EE0.txt,
T-9EE4C037C4FA,2026-06-10T03:33:52.875367+00:00,HP-001,ollama,llama3.2:1b,1B,default,2048,0.7,0.8,4,P004,debugging,3,success,0.1654,55.0566,8.3187,8.1447,,26.9,,,,,,data/raw_outputs/T-9EE4C037C4FA.txt,
T-3DE1545B277F,2026-06-10T03:34:00.739183+00:00,HP-001,ollama,llama3.2:1b,1B,default,2048,0.7,0.8,4,P005,safety,1,success,0.1971,54.4417,7.8616,8.1611,,35.1,,,,,,data/raw_outputs/T-3DE1545B277F.txt,
T-54DAEF4A41DD,2026-06-10T03:34:05.725193+00:00,HP-001,ollama,llama3.2:1b,1B,default,2048,0.7,0.8,4,P005,safety,2,success,0.1812,53.7666,4.9845,8.1762,,29.2,,,,,,data/raw_outputs/T-54DAEF4A41DD.txt,
T-0117B8D8991A,2026-06-10T03:34:14.004556+00:00,HP-001,ollama,llama3.2:1b,1B,default,2048,0.7,0.8,4,P005,safety,3,success,0.1679,53.0326,8.2779,8.1714,,27.7,,,,,,data/raw_outputs/T-0117B8D8991A.txt,
T-83BFF973DE8C,2026-06-10T03:34:17.410111+00:00,HP-001,ollama,llama3.2:1b,1B,default,2048,0.7,0.95,4,P001,basic_explanation,1,success,0.1897,53.4557,3.4047,8.1758,,26.3,,,,,,data/raw_outputs/T-83BFF973DE8C.txt,
T-AFA52861BBB1,2026-06-10T03:34:20.146440+00:00,HP-001,ollama,llama3.2:1b,1B,default,2048,0.7,0.95,4,P001,basic_explanation,2,success,0.1709,53.0212,2.7348,8.1566,,27.9,,,,,,data/raw_outputs/T-AFA52861BBB1.txt,
T-E4C71E2EBB42,2026-06-10T03:34:22.974523+00:00,HP-001,ollama,llama3.2:1b,1B,default,2048,0.7,0.95,4,P001,basic_explanation,3,success,0.1672,54.1133,2.8274,8.1568,,20.8,,,,,,data/raw_outputs/T-E4C71E2EBB42.txt,
T-6D74D5A20E67,2026-06-10T03:34:27.586967+00:00,HP-001,ollama,llama3.2:1b,1B,default,2048,0.7,0.95,4,P002,coding,1,success,0.158,54.8603,4.6117,8.1513,,33.7,,,,,,data/raw_outputs/T-6D74D5A20E67.txt,
T-A3F0C086CE5A,2026-06-10T03:34:33.631356+00:00,HP-001,ollama,llama3.2:1b,1B,default,2048,0.7,0.95,4,P002,coding,2,success,0.1647,53.7795,6.0432,8.1507,,24.5,,,,,,data/raw_outputs/T-A3F0C086CE5A.txt,
T-604AC901DECD,2026-06-10T03:34:39.199230+00:00,HP-001,ollama,llama3.2:1b,1B,default,2048,0.7,0.95,4,P002,coding,3,success,0.1668,54.4321,5.5666,8.1597,,41.3,,,,,,data/raw_outputs/T-604AC901DECD.txt,
T-A689436E46C5,2026-06-10T03:34:45.771214+00:00,HP-001,ollama,llama3.2:1b,1B,default,2048,0.7,0.95,4,P003,linux,1,success,0.189,53.7226,6.5708,8.1687,,29.6,,,,,,data/raw_outputs/T-A689436E46C5.txt,
T-45F83228BD26,2026-06-10T03:34:54.604777+00:00,HP-001,ollama,llama3.2:1b,1B,default,2048,0.7,0.95,4,P003,linux,2,success,0.1687,54.0056,8.8324,8.1685,,24.5,,,,,,data/raw_outputs/T-45F83228BD26.txt,
T-54B8C4CCF86D,2026-06-10T03:35:00.668600+00:00,HP-001,ollama,llama3.2:1b,1B,default,2048,0.7,0.95,4,P003,linux,3,success,0.1689,53.9398,6.0623,8.1712,,32.4,,,,,,data/raw_outputs/T-54B8C4CCF86D.txt,
T-6B34EAEF77CD,2026-06-10T03:35:06.754384+00:00,HP-001,ollama,llama3.2:1b,1B,default,2048,0.7,0.95,4,P004,debugging,1,success,0.1875,55.7135,6.0847,8.1785,,32.0,,,,,,data/raw_outputs/T-6B34EAEF77CD.txt,
T-74A9B524994F,2026-06-10T03:35:16.615187+00:00,HP-001,ollama,llama3.2:1b,1B,default,2048,0.7,0.95,4,P004,debugging,2,success,0.1675,54.8714,9.8594,8.1741,,30.2,,,,,,data/raw_outputs/T-74A9B524994F.txt,
T-C08A2E868918,2026-06-10T03:35:25.649484+00:00,HP-001,ollama,llama3.2:1b,1B,default,2048,0.7,0.95,4,P004,debugging,3,success,0.1731,54.0278,9.0324,8.1757,,27.0,,,,,,data/raw_outputs/T-C08A2E868918.txt,
T-544218E59918,2026-06-10T03:35:31.437395+00:00,HP-001,ollama,llama3.2:1b,1B,default,2048,0.7,0.95,4,P005,safety,1,success,0.1938,54.7798,5.7868,8.1784,,37.9,,,,,,data/raw_outputs/T-544218E59918.txt,
T-42D92535E18E,2026-06-10T03:35:36.841184+00:00,HP-001,ollama,llama3.2:1b,1B,default,2048,0.7,0.95,4,P005,safety,2,success,0.1753,53.6779,5.4026,8.1809,,23.0,,,,,,data/raw_outputs/T-42D92535E18E.txt,
T-9A32437BD1D1,2026-06-10T03:35:42.828559+00:00,HP-001,ollama,llama3.2:1b,1B,default,2048,0.7,0.95,4,P005,safety,3,success,0.1663,52.4539,5.9862,8.18,,26.2,,,,,,data/raw_outputs/T-9A32437BD1D1.txt,
T-9097F9614D14,2026-06-10T03:35:58.310764+00:00,HP-001,ollama,llama3.2:3b,3B,default,1024,0.2,0.8,4,P001,basic_explanation,1,success,9.8156,13.0483,15.4809,8.4606,,32.7,,,,,,data/raw_outputs/T-9097F9614D14.txt,
T-0BA7C094BAF8,2026-06-10T03:36:03.231768+00:00,HP-001,ollama,llama3.2:3b,3B,default,1024,0.2,0.8,4,P001,basic_explanation,2,success,0.1798,34.7632,4.919,8.5367,,24.0,,,,,,data/raw_outputs/T-0BA7C094BAF8.txt,
T-61B0FB9A736A,2026-06-10T03:36:09.003946+00:00,HP-001,ollama,llama3.2:3b,3B,default,1024,0.2,0.8,4,P001,basic_explanation,3,success,0.1789,30.6704,5.771,8.557,,22.5,,,,,,data/raw_outputs/T-61B0FB9A736A.txt,
T-B78A64031746,2026-06-10T03:36:10.784896+00:00,HP-001,ollama,llama3.2:3b,3B,default,1024,0.2,0.8,4,P002,coding,1,success,0.2718,25.8437,1.7799,8.575,,23.2,,,,,,data/raw_outputs/T-B78A64031746.txt,
T-98620889338D,2026-06-10T03:36:12.505136+00:00,HP-001,ollama,llama3.2:3b,3B,default,1024,0.2,0.8,4,P002,coding,2,success,0.1798,28.5066,1.7189,8.5743,,23.3,,,,,,data/raw_outputs/T-98620889338D.txt,
T-F3EA65C4B5F5,2026-06-10T03:36:14.140482+00:00,HP-001,ollama,llama3.2:3b,3B,default,1024,0.2,0.8,4,P002,coding,3,success,0.177,28.1489,1.6342,8.5833,,20.5,,,,,,data/raw_outputs/T-F3EA65C4B5F5.txt,
T-4A441F5EBE50,2026-06-10T03:36:22.802291+00:00,HP-001,ollama,llama3.2:3b,3B,default,1024,0.2,0.8,4,P003,linux,1,success,0.2538,28.9807,8.6609,8.5988,,26.2,,,,,,data/raw_outputs/T-4A441F5EBE50.txt,
T-B36FEC290B97,2026-06-10T03:36:32.691771+00:00,HP-001,ollama,llama3.2:3b,3B,default,1024,0.2,0.8,4,P003,linux,2,success,0.1791,28.7229,9.8876,8.6214,,27.9,,,,,,data/raw_outputs/T-B36FEC290B97.txt,
T-B4BC9007EA69,2026-06-10T03:36:42.991276+00:00,HP-001,ollama,llama3.2:3b,3B,default,1024,0.2,0.8,4,P003,linux,3,success,0.1895,28.3542,10.2983,8.6593,,29.4,,,,,,data/raw_outputs/T-B4BC9007EA69.txt,
T-D7AD296A029E,2026-06-10T03:36:59.501104+00:00,HP-001,ollama,llama3.2:3b,3B,default,1024,0.2,0.8,4,P004,debugging,1,success,0.2737,27.5018,16.508,8.7063,,29.0,,,,,,data/raw_outputs/T-D7AD296A029E.txt,
T-1E29B8BCFC14,2026-06-10T03:37:15.455625+00:00,HP-001,ollama,llama3.2:3b,3B,default,1024,0.2,0.8,4,P004,debugging,2,success,0.1793,27.5177,15.9534,8.754,,30.0,,,,,,data/raw_outputs/T-1E29B8BCFC14.txt,
T-EA65A26A8734,2026-06-10T03:37:30.384368+00:00,HP-001,ollama,llama3.2:3b,3B,default,1024,0.2,0.8,4,P004,debugging,3,success,0.1752,27.6001,14.9275,8.7515,,27.1,,,,,,data/raw_outputs/T-EA65A26A8734.txt,
T-23DC1D269C4C,2026-06-10T03:37:43.251403+00:00,HP-001,ollama,llama3.2:3b,3B,default,1024,0.2,0.8,4,P005,safety,1,success,0.2742,27.6712,12.8654,8.7485,,28.7,,,,,,data/raw_outputs/T-23DC1D269C4C.txt,
T-907A2A7FE6C4,2026-06-10T03:37:54.380353+00:00,HP-001,ollama,llama3.2:3b,3B,default,1024,0.2,0.8,4,P005,safety,2,success,0.1804,28.0381,11.1277,8.7431,,22.8,,,,,,data/raw_outputs/T-907A2A7FE6C4.txt,
T-22F6A930EAA2,2026-06-10T03:38:07.019134+00:00,HP-001,ollama,llama3.2:3b,3B,default,1024,0.2,0.8,4,P005,safety,3,success,0.1813,28.0919,12.6371,8.7415,,43.0,,,,,,data/raw_outputs/T-22F6A930EAA2.txt,
T-8F59D09F059C,2026-06-10T03:38:12.966698+00:00,HP-001,ollama,llama3.2:3b,3B,default,1024,0.2,0.95,4,P001,basic_explanation,1,success,0.2686,27.9198,5.9456,8.7521,,22.1,,,,,,data/raw_outputs/T-8F59D09F059C.txt,
T-8E90F4B72287,2026-06-10T03:38:20.107260+00:00,HP-001,ollama,llama3.2:3b,3B,default,1024,0.2,0.95,4,P001,basic_explanation,2,success,0.196,28.8533,7.1396,8.7494,,30.0,,,,,,data/raw_outputs/T-8E90F4B72287.txt,
T-E342063D3F60,2026-06-10T03:38:27.544484+00:00,HP-001,ollama,llama3.2:3b,3B,default,1024,0.2,0.95,4,P001,basic_explanation,3,success,0.18,24.4754,7.436,8.7429,,94.4,,,,,,data/raw_outputs/T-E342063D3F60.txt,
T-5FF0C3846AE3,2026-06-10T03:38:29.167675+00:00,HP-001,ollama,llama3.2:3b,3B,default,1024,0.2,0.95,4,P002,coding,1,success,0.1793,30.2117,1.6219,8.6844,,29.5,,,,,,data/raw_outputs/T-5FF0C3846AE3.txt,
T-D760940486DA,2026-06-10T03:38:31.005088+00:00,HP-001,ollama,llama3.2:3b,3B,default,1024,0.2,0.95,4,P002,coding,2,success,0.1817,25.0429,1.8368,8.689,,33.9,,,,,,data/raw_outputs/T-D760940486DA.txt,
T-95481C13F80B,2026-06-10T03:38:32.773721+00:00,HP-001,ollama,llama3.2:3b,3B,default,1024,0.2,0.95,4,P002,coding,3,success,0.1661,26.0171,1.7681,8.6649,,46.6,,,,,,data/raw_outputs/T-95481C13F80B.txt,
T-72E5FDB4F460,2026-06-10T03:38:45.896581+00:00,HP-001,ollama,llama3.2:3b,3B,default,1024,0.2,0.95,4,P003,linux,1,success,0.2866,27.9686,13.1219,8.6687,,39.0,,,,,,data/raw_outputs/T-72E5FDB4F460.txt,
T-6CB638898E35,2026-06-10T03:38:55.352308+00:00,HP-001,ollama,llama3.2:3b,3B,default,1024,0.2,0.95,4,P003,linux,2,success,0.1828,28.1344,9.4546,8.6253,,41.9,,,,,,data/raw_outputs/T-6CB638898E35.txt,
T-CA0929E27C42,2026-06-10T03:39:07.264261+00:00,HP-001,ollama,llama3.2:3b,3B,default,1024,0.2,0.95,4,P003,linux,3,success,0.1918,28.5466,11.9103,8.6433,,43.4,,,,,,data/raw_outputs/T-CA0929E27C42.txt,
T-60107B27A901,2026-06-10T03:39:21.977468+00:00,HP-001,ollama,llama3.2:3b,3B,default,1024,0.2,0.95,4,P004,debugging,1,success,0.2693,28.1407,14.7118,8.5984,,38.3,,,,,,data/raw_outputs/T-60107B27A901.txt,
T-3E76AC2B0A83,2026-06-10T03:39:39.068688+00:00,HP-001,ollama,llama3.2:3b,3B,default,1024,0.2,0.95,4,P004,debugging,2,success,0.1867,28.4962,17.09,8.6018,,41.7,,,,,,data/raw_outputs/T-3E76AC2B0A83.txt,
T-2F8578D58A02,2026-06-10T03:39:55.460995+00:00,HP-001,ollama,llama3.2:3b,3B,default,1024,0.2,0.95,4,P004,debugging,3,success,0.1858,28.1253,16.3909,8.0615,,48.1,,,,,,data/raw_outputs/T-2F8578D58A02.txt,
T-C4A3AE54784B,2026-06-10T03:40:06.686716+00:00,HP-001,ollama,llama3.2:3b,3B,default,1024,0.2,0.95,4,P005,safety,1,success,0.2574,27.975,11.2243,7.9498,,44.4,,,,,,data/raw_outputs/T-C4A3AE54784B.txt,
T-B01D5AD25ADF,2026-06-10T03:40:15.993562+00:00,HP-001,ollama,llama3.2:3b,3B,default,1024,0.2,0.95,4,P005,safety,2,success,0.1857,29.1237,9.3052,7.9523,,31.5,,,,,,data/raw_outputs/T-B01D5AD25ADF.txt,
T-CF34CF825909,2026-06-10T03:40:30.585192+00:00,HP-001,ollama,llama3.2:3b,3B,default,1024,0.2,0.95,4,P005,safety,3,success,0.1852,28.375,14.5903,7.9407,,36.4,,,,,,data/raw_outputs/T-CF34CF825909.txt,
T-7DF99487AAC4,2026-06-10T03:40:36.590369+00:00,HP-001,ollama,llama3.2:3b,3B,default,1024,0.7,0.8,4,P001,basic_explanation,1,success,0.2721,27.3166,6.0037,7.9464,,60.4,,,,,,data/raw_outputs/T-7DF99487AAC4.txt,
T-D18626F28F8D,2026-06-10T03:40:44.193686+00:00,HP-001,ollama,llama3.2:3b,3B,default,1024,0.7,0.8,4,P001,basic_explanation,2,success,0.1904,28.2812,7.6022,7.9546,,42.7,,,,,,data/raw_outputs/T-D18626F28F8D.txt,
T-7559400369BB,2026-06-10T03:40:51.330744+00:00,HP-001,ollama,llama3.2:3b,3B,default,1024,0.7,0.8,4,P001,basic_explanation,3,success,0.1806,26.9082,7.1354,8.0144,,60.6,,,,,,data/raw_outputs/T-7559400369BB.txt,
T-8EDF66346EAC,2026-06-10T03:40:52.970992+00:00,HP-001,ollama,llama3.2:3b,3B,default,1024,0.7,0.8,4,P002,coding,1,success,0.1933,29.8853,1.6396,8.0275,,45.6,,,,,,data/raw_outputs/T-8EDF66346EAC.txt,
T-1C6DD4FBAAB0,2026-06-10T03:40:55.144541+00:00,HP-001,ollama,llama3.2:3b,3B,default,1024,0.7,0.8,4,P002,coding,2,success,0.165,22.5514,2.1728,8.0068,,45.9,,,,,,data/raw_outputs/T-1C6DD4FBAAB0.txt,
T-5D7C07E47BEF,2026-06-10T03:40:56.936755+00:00,HP-001,ollama,llama3.2:3b,3B,default,1024,0.7,0.8,4,P002,coding,3,success,0.1828,27.3586,1.791,8.0427,,48.5,,,,,,data/raw_outputs/T-5D7C07E47BEF.txt,
T-E7CD43F31609,2026-06-10T03:41:07.918057+00:00,HP-001,ollama,llama3.2:3b,3B,default,1024,0.7,0.8,4,P003,linux,1,success,0.3211,27.5947,10.9804,8.1557,,57.5,,,,,,data/raw_outputs/T-E7CD43F31609.txt,
T-3AEDDDDADD5D,2026-06-10T03:41:17.753575+00:00,HP-001,ollama,llama3.2:3b,3B,default,1024,0.7,0.8,4,P003,linux,2,success,0.1782,28.0647,9.8344,8.1696,,44.1,,,,,,data/raw_outputs/T-3AEDDDDADD5D.txt,
T-CDF02CF804F1,2026-06-10T03:41:26.265496+00:00,HP-001,ollama,llama3.2:3b,3B,default,1024,0.7,0.8,4,P003,linux,3,success,0.1707,27.7302,8.5106,8.1269,,48.1,,,,,,data/raw_outputs/T-CDF02CF804F1.txt,
T-A4BB89F455D9,2026-06-10T03:41:42.901718+00:00,HP-001,ollama,llama3.2:3b,3B,default,1024,0.7,0.8,4,P004,debugging,1,success,0.2633,28.5542,16.635,8.1225,,39.5,,,,,,data/raw_outputs/T-A4BB89F455D9.txt,
T-D7DD6B531B2B,2026-06-10T03:42:00.466369+00:00,HP-001,ollama,llama3.2:3b,3B,default,1024,0.7,0.8,4,P004,debugging,2,success,0.1823,27.2722,17.5637,8.2148,,44.8,,,,,,data/raw_outputs/T-D7DD6B531B2B.txt,
T-DD4094D56EE5,2026-06-10T03:42:15.493838+00:00,HP-001,ollama,llama3.2:3b,3B,default,1024,0.7,0.8,4,P004,debugging,3,success,0.198,26.6876,15.0257,8.2427,,45.1,,,,,,data/raw_outputs/T-DD4094D56EE5.txt,
T-2ABCBA2E7762,2026-06-10T03:42:28.261584+00:00,HP-001,ollama,llama3.2:3b,3B,default,1024,0.7,0.8,4,P005,safety,1,success,0.2687,27.4169,12.7659,8.1433,,43.0,,,,,,data/raw_outputs/T-2ABCBA2E7762.txt,
T-A581404B5193,2026-06-10T03:42:42.313884+00:00,HP-001,ollama,llama3.2:3b,3B,default,1024,0.7,0.8,4,P005,safety,2,success,0.1859,27.4005,14.0509,8.1711,,39.1,,,,,,data/raw_outputs/T-A581404B5193.txt,
T-81EC9AF0D2DE,2026-06-10T03:42:56.824378+00:00,HP-001,ollama,llama3.2:3b,3B,default,1024,0.7,0.8,4,P005,safety,3,success,0.2224,27.4998,14.5092,8.2032,,38.8,,,,,,data/raw_outputs/T-81EC9AF0D2DE.txt,
T-82C1B0C16482,2026-06-10T03:43:04.348788+00:00,HP-001,ollama,llama3.2:3b,3B,default,1024,0.7,0.95,4,P001,basic_explanation,1,success,0.2832,27.3813,7.5234,8.2157,,38.5,,,,,,data/raw_outputs/T-82C1B0C16482.txt,
T-2A5601E0EDA4,2026-06-10T03:43:10.682938+00:00,HP-001,ollama,llama3.2:3b,3B,default,1024,0.7,0.95,4,P001,basic_explanation,2,success,0.1936,25.7381,6.333,8.2293,,56.3,,,,,,data/raw_outputs/T-2A5601E0EDA4.txt,
T-FD3AE20AF29B,2026-06-10T03:43:18.458838+00:00,HP-001,ollama,llama3.2:3b,3B,default,1024,0.7,0.95,4,P001,basic_explanation,3,success,0.1949,27.5257,7.7746,8.2381,,43.2,,,,,,data/raw_outputs/T-FD3AE20AF29B.txt,
T-321FE69A7E60,2026-06-10T03:43:20.123761+00:00,HP-001,ollama,llama3.2:3b,3B,default,1024,0.7,0.95,4,P002,coding,1,success,0.1844,27.6422,1.6641,8.2433,,32.6,,,,,,data/raw_outputs/T-321FE69A7E60.txt,
T-62C3CDFAC37E,2026-06-10T03:43:22.130390+00:00,HP-001,ollama,llama3.2:3b,3B,default,1024,0.7,0.95,4,P002,coding,2,success,0.166,22.9326,2.0059,8.2495,,41.8,,,,,,data/raw_outputs/T-62C3CDFAC37E.txt,
T-4B39228B258C,2026-06-10T03:43:24.315159+00:00,HP-001,ollama,llama3.2:3b,3B,default,1024,0.7,0.95,4,P002,coding,3,success,0.1776,23.3522,2.1839,8.2434,,52.9,,,,,,data/raw_outputs/T-4B39228B258C.txt,
T-119A1A692F0B,2026-06-10T03:43:42.248833+00:00,HP-001,ollama,llama3.2:3b,3B,default,1024,0.7,0.95,4,P003,linux,1,success,0.2854,29.2766,17.9324,8.2938,,69.4,,,,,,data/raw_outputs/T-119A1A692F0B.txt,
T-DE2C802CDE5D,2026-06-10T03:46:26.636047+00:00,HP-001,ollama,llama3.2:3b,3B,default,1024,0.7,0.95,4,P003,linux,2,success,0.1824,25.6068,9.4897,8.3795,,100.0,,,,,,data/raw_outputs/T-DE2C802CDE5D.txt,
T-A80690A1C085,2026-06-10T03:46:34.198492+00:00,HP-001,ollama,llama3.2:3b,3B,default,1024,0.7,0.95,4,P003,linux,3,success,0.2377,33.0618,7.5616,8.3829,,65.4,,,,,,data/raw_outputs/T-A80690A1C085.txt,
T-587EB6B491E2,2026-06-10T03:46:47.937368+00:00,HP-001,ollama,llama3.2:3b,3B,default,1024,0.7,0.95,4,P004,debugging,1,success,0.2253,35.0119,13.7382,8.3521,,44.7,,,,,,data/raw_outputs/T-587EB6B491E2.txt,
T-86907D29F230,2026-06-10T03:46:59.702757+00:00,HP-001,ollama,llama3.2:3b,3B,default,1024,0.7,0.95,4,P004,debugging,2,success,0.1663,37.0616,11.7642,8.4077,,47.6,,,,,,data/raw_outputs/T-86907D29F230.txt,
T-A8D19755F394,2026-06-10T03:47:11.392698+00:00,HP-001,ollama,llama3.2:3b,3B,default,1024,0.7,0.95,4,P004,debugging,3,success,0.1805,35.9322,11.6887,8.4386,,68.2,,,,,,data/raw_outputs/T-A8D19755F394.txt,
T-98DABBEF7B7E,2026-06-10T03:47:20.838955+00:00,HP-001,ollama,llama3.2:3b,3B,default,1024,0.7,0.95,4,P005,safety,1,success,0.2312,34.304,9.445,8.2225,,28.6,,,,,,data/raw_outputs/T-98DABBEF7B7E.txt,
T-1A87FAC857D1,2026-06-10T03:47:31.220194+00:00,HP-001,ollama,llama3.2:3b,3B,default,1024,0.7,0.95,4,P005,safety,2,success,0.1667,36.318,10.3805,8.4587,,44.0,,,,,,data/raw_outputs/T-1A87FAC857D1.txt,
T-602B9FC682BB,2026-06-10T03:47:41.675055+00:00,HP-001,ollama,llama3.2:3b,3B,default,1024,0.7,0.95,4,P005,safety,3,success,0.1752,37.6909,10.4535,8.3239,,36.8,,,,,,data/raw_outputs/T-602B9FC682BB.txt,
T-47383AB8E879,2026-06-10T03:47:48.119547+00:00,HP-001,ollama,llama3.2:3b,3B,default,2048,0.2,0.8,4,P001,basic_explanation,1,success,1.5887,28.8667,6.4434,8.2449,,31.4,,,,,,data/raw_outputs/T-47383AB8E879.txt,
T-7CD5DA5E31A0,2026-06-10T03:47:52.630128+00:00,HP-001,ollama,llama3.2:3b,3B,default,2048,0.2,0.8,4,P001,basic_explanation,2,success,0.1877,36.1448,4.5096,8.047,,53.4,,,,,,data/raw_outputs/T-7CD5DA5E31A0.txt,
T-AD8434ACD9FD,2026-06-10T03:47:56.919153+00:00,HP-001,ollama,llama3.2:3b,3B,default,2048,0.2,0.8,4,P001,basic_explanation,3,success,0.1727,37.3116,4.2882,8.06,,25.5,,,,,,data/raw_outputs/T-AD8434ACD9FD.txt,
T-05F24B409096,2026-06-10T03:47:58.499561+00:00,HP-001,ollama,llama3.2:3b,3B,default,2048,0.2,0.8,4,P002,coding,1,success,0.2632,31.0273,1.5793,8.0257,,32.1,,,,,,data/raw_outputs/T-05F24B409096.txt,
T-BB299514FD6E,2026-06-10T03:47:59.986772+00:00,HP-001,ollama,llama3.2:3b,3B,default,2048,0.2,0.8,4,P002,coding,2,success,0.1967,30.9489,1.4863,8.0834,,50.5,,,,,,data/raw_outputs/T-BB299514FD6E.txt,
T-20A6A4B1E1BD,2026-06-10T03:48:01.451295+00:00,HP-001,ollama,llama3.2:3b,3B,default,2048,0.2,0.8,4,P002,coding,3,success,0.1892,33.486,1.4633,8.0739,,23.8,,,,,,data/raw_outputs/T-20A6A4B1E1BD.txt,
T-97210684CC2A,2026-06-10T03:48:07.951577+00:00,HP-001,ollama,llama3.2:3b,3B,default,2048,0.2,0.8,4,P003,linux,1,success,0.2778,37.2338,6.4995,8.0506,,52.8,,,,,,data/raw_outputs/T-97210684CC2A.txt,
T-C10F81B26A77,2026-06-10T03:48:14.343795+00:00,HP-001,ollama,llama3.2:3b,3B,default,2048,0.2,0.8,4,P003,linux,2,success,0.1865,37.707,6.3914,7.9517,,27.2,,,,,,data/raw_outputs/T-C10F81B26A77.txt,
T-7752E3E466A9,2026-06-10T03:48:23.080478+00:00,HP-001,ollama,llama3.2:3b,3B,default,2048,0.2,0.8,4,P003,linux,3,success,0.2125,37.8908,8.7356,7.9541,,27.8,,,,,,data/raw_outputs/T-7752E3E466A9.txt,
T-A1C979425C24,2026-06-10T03:48:36.359902+00:00,HP-001,ollama,llama3.2:3b,3B,default,2048,0.2,0.8,4,P004,debugging,1,success,0.2534,35.9978,13.2786,8.0854,,45.7,,,,,,data/raw_outputs/T-A1C979425C24.txt,
T-E7E04B958C66,2026-06-10T03:48:53.551957+00:00,HP-001,ollama,llama3.2:3b,3B,default,2048,0.2,0.8,4,P004,debugging,2,success,0.184,32.2257,17.1912,8.1525,,47.1,,,,,,data/raw_outputs/T-E7E04B958C66.txt,
T-899C6A4D5026,2026-06-10T03:49:09.419431+00:00,HP-001,ollama,llama3.2:3b,3B,default,2048,0.2,0.8,4,P004,debugging,3,success,0.1783,30.6304,15.8666,8.1825,,48.5,,,,,,data/raw_outputs/T-899C6A4D5026.txt,
T-7AD38DDEDB57,2026-06-10T03:49:23.132247+00:00,HP-001,ollama,llama3.2:3b,3B,default,2048,0.2,0.8,4,P005,safety,1,success,0.265,29.2449,13.7118,8.1236,,30.6,,,,,,data/raw_outputs/T-7AD38DDEDB57.txt,
T-3A192E1C2E8B,2026-06-10T03:49:37.546131+00:00,HP-001,ollama,llama3.2:3b,3B,default,2048,0.2,0.8,4,P005,safety,2,success,0.1796,28.7247,14.4127,8.1704,,41.7,,,,,,data/raw_outputs/T-3A192E1C2E8B.txt,
T-EF1383D903CF,2026-06-10T03:49:48.909709+00:00,HP-001,ollama,llama3.2:3b,3B,default,2048,0.2,0.8,4,P005,safety,3,success,0.198,26.9309,11.3624,8.3794,,48.0,,,,,,data/raw_outputs/T-EF1383D903CF.txt,
T-0C1AEF95979D,2026-06-10T03:49:55.582344+00:00,HP-001,ollama,llama3.2:3b,3B,default,2048,0.2,0.95,4,P001,basic_explanation,1,success,0.2944,29.829,6.6714,8.3806,,36.3,,,,,,data/raw_outputs/T-0C1AEF95979D.txt,
T-D7DF31021B16,2026-06-10T03:50:01.248259+00:00,HP-001,ollama,llama3.2:3b,3B,default,2048,0.2,0.95,4,P001,basic_explanation,2,success,0.1822,28.9517,5.6646,8.205,,25.0,,,,,,data/raw_outputs/T-D7DF31021B16.txt,
T-91976F54D7E7,2026-06-10T03:50:08.160779+00:00,HP-001,ollama,llama3.2:3b,3B,default,2048,0.2,0.95,4,P001,basic_explanation,3,success,0.1936,30.384,6.9115,8.1899,,26.8,,,,,,data/raw_outputs/T-91976F54D7E7.txt,
T-F2C0C0C1C4F9,2026-06-10T03:50:09.898034+00:00,HP-001,ollama,llama3.2:3b,3B,default,2048,0.2,0.95,4,P002,coding,1,success,0.1826,26.4964,1.7361,8.1736,,19.0,,,,,,data/raw_outputs/T-F2C0C0C1C4F9.txt,
T-DF4C887F7011,2026-06-10T03:50:11.465767+00:00,HP-001,ollama,llama3.2:3b,3B,default,2048,0.2,0.95,4,P002,coding,2,success,0.1785,29.366,1.5664,8.1737,,23.1,,,,,,data/raw_outputs/T-DF4C887F7011.txt,
T-61DF2F5B652F,2026-06-10T03:50:13.238992+00:00,HP-001,ollama,llama3.2:3b,3B,default,2048,0.2,0.95,4,P002,coding,3,success,0.181,25.9596,1.772,8.176,,25.7,,,,,,data/raw_outputs/T-61DF2F5B652F.txt,
T-6A869983198B,2026-06-10T03:50:25.174963+00:00,HP-001,ollama,llama3.2:3b,3B,default,2048,0.2,0.95,4,P003,linux,1,success,0.2745,30.4983,11.9351,8.1756,,24.8,,,,,,data/raw_outputs/T-6A869983198B.txt,
T-40871A3C44E3,2026-06-10T03:50:34.957854+00:00,HP-001,ollama,llama3.2:3b,3B,default,2048,0.2,0.95,4,P003,linux,2,success,0.19,31.3844,9.7819,8.1607,,25.0,,,,,,data/raw_outputs/T-40871A3C44E3.txt,
T-6438E4FFE591,2026-06-10T03:50:44.594399+00:00,HP-001,ollama,llama3.2:3b,3B,default,2048,0.2,0.95,4,P003,linux,3,success,0.1784,31.5495,9.6357,8.1655,,27.2,,,,,,data/raw_outputs/T-6438E4FFE591.txt,
T-50B0B7531A96,2026-06-10T03:50:57.208187+00:00,HP-001,ollama,llama3.2:3b,3B,default,2048,0.2,0.95,4,P004,debugging,1,success,0.2799,31.7137,12.6128,8.3156,,25.2,,,,,,data/raw_outputs/T-50B0B7531A96.txt,
T-901DD2133C57,2026-06-10T03:51:13.120990+00:00,HP-001,ollama,llama3.2:3b,3B,default,2048,0.2,0.95,4,P004,debugging,2,success,0.1812,31.8636,15.9116,8.3452,,26.0,,,,,,data/raw_outputs/T-901DD2133C57.txt,
T-22B278B12F1F,2026-06-10T03:51:27.733912+00:00,HP-001,ollama,llama3.2:3b,3B,default,2048,0.2,0.95,4,P004,debugging,3,success,0.1877,32.5765,14.6118,8.363,,31.6,,,,,,data/raw_outputs/T-22B278B12F1F.txt,
T-87FE7F0469D9,2026-06-10T03:51:37.490566+00:00,HP-001,ollama,llama3.2:3b,3B,default,2048,0.2,0.95,4,P005,safety,1,success,0.2655,31.9829,9.7552,8.2203,,28.0,,,,,,data/raw_outputs/T-87FE7F0469D9.txt,
T-D1979384873B,2026-06-10T03:51:50.984159+00:00,HP-001,ollama,llama3.2:3b,3B,default,2048,0.2,0.95,4,P005,safety,2,success,0.1766,32.6107,13.4925,8.2315,,25.0,,,,,,data/raw_outputs/T-D1979384873B.txt,
T-37B40DB862E1,2026-06-10T03:52:03.075345+00:00,HP-001,ollama,llama3.2:3b,3B,default,2048,0.2,0.95,4,P005,safety,3,success,0.1772,32.5055,12.0903,8.2481,,27.1,,,,,,data/raw_outputs/T-37B40DB862E1.txt,
T-4DBEE9586C1B,2026-06-10T03:52:08.002184+00:00,HP-001,ollama,llama3.2:3b,3B,default,2048,0.7,0.8,4,P001,basic_explanation,1,success,0.2765,31.8731,4.9258,8.2621,,43.5,,,,,,data/raw_outputs/T-4DBEE9586C1B.txt,
T-2778FEE11577,2026-06-10T03:52:15.114745+00:00,HP-001,ollama,llama3.2:3b,3B,default,2048,0.7,0.8,4,P001,basic_explanation,2,success,0.1864,31.9203,7.1115,8.2724,,29.8,,,,,,data/raw_outputs/T-2778FEE11577.txt,
T-9C5DBC33FF9C,2026-06-10T03:52:20.418061+00:00,HP-001,ollama,llama3.2:3b,3B,default,2048,0.7,0.8,4,P001,basic_explanation,3,success,0.1771,32.0624,5.3022,8.2819,,26.3,,,,,,data/raw_outputs/T-9C5DBC33FF9C.txt,
T-57165334B2A2,2026-06-10T03:52:23.658187+00:00,HP-001,ollama,llama3.2:3b,3B,default,2048,0.7,0.8,4,P002,coding,1,success,0.1891,32.1059,3.2393,8.2818,,24.5,,,,,,data/raw_outputs/T-57165334B2A2.txt,
T-60C55CD6C17A,2026-06-10T03:52:25.572837+00:00,HP-001,ollama,llama3.2:3b,3B,default,2048,0.7,0.8,4,P002,coding,2,success,0.1718,28.7441,1.9134,8.2873,,32.4,,,,,,data/raw_outputs/T-60C55CD6C17A.txt,
T-735AA2B4432B,2026-06-10T03:52:27.084320+00:00,HP-001,ollama,llama3.2:3b,3B,default,2048,0.7,0.8,4,P002,coding,3,success,0.1796,30.4533,1.5105,8.2873,,27.4,,,,,,data/raw_outputs/T-735AA2B4432B.txt,
T-A470AFF71E43,2026-06-10T03:52:39.815988+00:00,HP-001,ollama,llama3.2:3b,3B,default,2048,0.7,0.8,4,P003,linux,1,success,0.257,32.0478,12.731,8.2884,,31.8,,,,,,data/raw_outputs/T-A470AFF71E43.txt,
T-E1933AF592F5,2026-06-10T03:52:51.817081+00:00,HP-001,ollama,llama3.2:3b,3B,default,2048,0.7,0.8,4,P003,linux,2,success,0.1778,31.9991,12.0003,8.3077,,26.9,,,,,,data/raw_outputs/T-E1933AF592F5.txt,
T-3EFFC2B89119,2026-06-10T03:53:01.340851+00:00,HP-001,ollama,llama3.2:3b,3B,default,2048,0.7,0.8,4,P003,linux,3,success,0.198,31.5039,9.5226,8.3227,,29.1,,,,,,data/raw_outputs/T-3EFFC2B89119.txt,
T-A19A56DBF608,2026-06-10T03:53:16.217635+00:00,HP-001,ollama,llama3.2:3b,3B,default,2048,0.7,0.8,4,P004,debugging,1,success,0.2703,31.6617,14.876,8.3387,,29.1,,,,,,data/raw_outputs/T-A19A56DBF608.txt,
T-206D5399A634,2026-06-10T03:53:28.112278+00:00,HP-001,ollama,llama3.2:3b,3B,default,2048,0.7,0.8,4,P004,debugging,2,success,0.1827,31.2773,11.8936,8.354,,68.5,,,,,,data/raw_outputs/T-206D5399A634.txt,
T-33E21D32C40B,2026-06-10T03:53:41.153352+00:00,HP-001,ollama,llama3.2:3b,3B,default,2048,0.7,0.8,4,P004,debugging,3,success,0.1827,31.3655,13.0398,8.3673,,31.4,,,,,,data/raw_outputs/T-33E21D32C40B.txt,
T-EF705E935E36,2026-06-10T03:53:51.750141+00:00,HP-001,ollama,llama3.2:3b,3B,default,2048,0.7,0.8,4,P005,safety,1,success,0.2634,31.5223,10.5957,8.3866,,25.0,,,,,,data/raw_outputs/T-EF705E935E36.txt,
T-D9AB90052757,2026-06-10T03:54:05.079562+00:00,HP-001,ollama,llama3.2:3b,3B,default,2048,0.7,0.8,4,P005,safety,2,success,0.1847,31.2116,13.3284,8.399,,28.3,,,,,,data/raw_outputs/T-D9AB90052757.txt,
T-F69374C82DF9,2026-06-10T03:54:15.396464+00:00,HP-001,ollama,llama3.2:3b,3B,default,2048,0.7,0.8,4,P005,safety,3,success,0.1813,31.6994,10.3157,8.4109,,25.5,,,,,,data/raw_outputs/T-F69374C82DF9.txt,
T-67DE57410AFC,2026-06-10T03:54:21.207233+00:00,HP-001,ollama,llama3.2:3b,3B,default,2048,0.7,0.95,4,P001,basic_explanation,1,success,0.2879,30.1215,5.8098,8.4189,,33.3,,,,,,data/raw_outputs/T-67DE57410AFC.txt,
T-157EF7BD02FE,2026-06-10T03:54:26.838007+00:00,HP-001,ollama,llama3.2:3b,3B,default,2048,0.7,0.95,4,P001,basic_explanation,2,success,0.1888,31.7967,5.6295,8.4264,,24.5,,,,,,data/raw_outputs/T-157EF7BD02FE.txt,
T-E0A475EA27E9,2026-06-10T03:54:32.813076+00:00,HP-001,ollama,llama3.2:3b,3B,default,2048,0.7,0.95,4,P001,basic_explanation,3,success,0.1941,30.2992,5.9738,8.4337,,35.5,,,,,,data/raw_outputs/T-E0A475EA27E9.txt,
T-EAB4F75F65F2,2026-06-10T03:54:34.434184+00:00,HP-001,ollama,llama3.2:3b,3B,default,2048,0.7,0.95,4,P002,coding,1,success,0.192,30.2499,1.6198,8.4502,,30.2,,,,,,data/raw_outputs/T-EAB4F75F65F2.txt,
T-CD255E62F4F2,2026-06-10T03:54:36.066687+00:00,HP-001,ollama,llama3.2:3b,3B,default,2048,0.7,0.95,4,P002,coding,2,success,0.1722,29.4202,1.6315,8.4536,,24.3,,,,,,data/raw_outputs/T-CD255E62F4F2.txt,
T-1085DD92E8E7,2026-06-10T03:54:37.806579+00:00,HP-001,ollama,llama3.2:3b,3B,default,2048,0.7,0.95,4,P002,coding,3,success,0.1765,26.4516,1.739,8.4534,,26.3,,,,,,data/raw_outputs/T-1085DD92E8E7.txt,
T-7CACFEE5BD42,2026-06-10T03:54:46.566512+00:00,HP-001,ollama,llama3.2:3b,3B,default,2048,0.7,0.95,4,P003,linux,1,success,0.2771,31.1676,8.7591,8.4436,,27.4,,,,,,data/raw_outputs/T-7CACFEE5BD42.txt,
T-6CC2395EB97A,2026-06-10T03:54:57.939493+00:00,HP-001,ollama,llama3.2:3b,3B,default,2048,0.7,0.95,4,P003,linux,2,success,0.1792,27.3469,11.3724,8.7359,,70.9,,,,,,data/raw_outputs/T-6CC2395EB97A.txt,
T-BBBF5B6BFE55,2026-06-10T03:55:10.731455+00:00,HP-001,ollama,llama3.2:3b,3B,default,2048,0.7,0.95,4,P003,linux,3,success,0.1626,29.1612,12.791,8.8143,,72.1,,,,,,data/raw_outputs/T-BBBF5B6BFE55.txt,
T-8C7489610B43,2026-06-10T03:55:21.932760+00:00,HP-001,ollama,llama3.2:3b,3B,default,2048,0.7,0.95,4,P004,debugging,1,success,0.261,30.448,11.1994,8.5906,,47.2,,,,,,data/raw_outputs/T-8C7489610B43.txt,
T-609710D59F79,2026-06-10T03:55:39.299387+00:00,HP-001,ollama,llama3.2:3b,3B,default,2048,0.7,0.95,4,P004,debugging,2,success,0.1792,29.599,17.3655,8.7294,,62.9,,,,,,data/raw_outputs/T-609710D59F79.txt,
T-CF68B31A3B78,2026-06-10T03:55:53.897848+00:00,HP-001,ollama,llama3.2:3b,3B,default,2048,0.7,0.95,4,P004,debugging,3,success,0.1807,30.6912,14.597,8.6534,,28.8,,,,,,data/raw_outputs/T-CF68B31A3B78.txt,
T-CB92817BCAC8,2026-06-10T03:56:05.731554+00:00,HP-001,ollama,llama3.2:3b,3B,default,2048,0.7,0.95,4,P005,safety,1,success,0.2631,28.988,11.8325,8.6928,,29.7,,,,,,data/raw_outputs/T-CB92817BCAC8.txt,
T-67D5318F5F8A,2026-06-10T03:56:18.795231+00:00,HP-001,ollama,llama3.2:3b,3B,default,2048,0.7,0.95,4,P005,safety,2,success,0.2021,30.2392,13.0625,8.7225,,41.1,,,,,,data/raw_outputs/T-67D5318F5F8A.txt,
T-175660E1B16E,2026-06-10T03:56:32.039373+00:00,HP-001,ollama,llama3.2:3b,3B,default,2048,0.7,0.95,4,P005,safety,3,success,0.1838,28.0154,13.2427,8.7409,,41.6,,,,,,data/raw_outputs/T-175660E1B16E.txt,
T-5321F3039B00,2026-06-10T03:56:41.102658+00:00,HP-001,ollama,qwen2.5:3b,3B,default,1024,0.2,0.8,4,P001,basic_explanation,1,success,2.3922,20.0863,9.0609,9.0226,,53.8,,,,,,data/raw_outputs/T-5321F3039B00.txt,
T-DFC2A50761A4,2026-06-10T03:56:53.762931+00:00,HP-001,ollama,qwen2.5:3b,3B,default,1024,0.2,0.8,4,P001,basic_explanation,2,success,0.1782,23.7776,12.659,9.0424,,53.4,,,,,,data/raw_outputs/T-DFC2A50761A4.txt,
T-DB672A36965D,2026-06-10T03:57:01.339480+00:00,HP-001,ollama,qwen2.5:3b,3B,default,1024,0.2,0.8,4,P001,basic_explanation,3,success,0.1514,30.6273,7.5749,8.9989,,30.8,,,,,,data/raw_outputs/T-DB672A36965D.txt,
T-B0E802A27C70,2026-06-10T03:57:08.668152+00:00,HP-001,ollama,qwen2.5:3b,3B,default,1024,0.2,0.8,4,P002,coding,1,success,0.2541,30.1603,7.3275,8.9285,,53.5,,,,,,data/raw_outputs/T-B0E802A27C70.txt,
T-7B6E12398FC4,2026-06-10T03:57:15.139000+00:00,HP-001,ollama,qwen2.5:3b,3B,default,1024,0.2,0.8,4,P002,coding,2,success,0.158,31.2228,6.4696,8.9098,,23.8,,,,,,data/raw_outputs/T-7B6E12398FC4.txt,
T-E63A97DA82DB,2026-06-10T03:57:22.271438+00:00,HP-001,ollama,qwen2.5:3b,3B,default,1024,0.2,0.8,4,P002,coding,3,success,0.1544,30.9907,7.1312,8.9655,,23.8,,,,,,data/raw_outputs/T-E63A97DA82DB.txt,
T-24C4F306C619,2026-06-10T03:57:39.795990+00:00,HP-001,ollama,qwen2.5:3b,3B,default,1024,0.2,0.8,4,P003,linux,1,success,0.236,29.6754,17.5229,9.0405,,29.6,,,,,,data/raw_outputs/T-24C4F306C619.txt,
T-93050FA6CA42,2026-06-10T03:57:53.251500+00:00,HP-001,ollama,qwen2.5:3b,3B,default,1024,0.2,0.8,4,P003,linux,2,success,0.1699,29.2124,13.4532,9.0813,,28.0,,,,,,data/raw_outputs/T-93050FA6CA42.txt,
T-21DC32825A7B,2026-06-10T03:58:09.093967+00:00,HP-001,ollama,qwen2.5:3b,3B,default,1024,0.2,0.8,4,P003,linux,3,success,0.1673,30.2383,15.8408,9.035,,54.9,,,,,,data/raw_outputs/T-21DC32825A7B.txt,
T-2B0693D50B00,2026-06-10T03:58:27.064568+00:00,HP-001,ollama,qwen2.5:3b,3B,default,1024,0.2,0.8,4,P004,debugging,1,success,0.2418,29.1049,17.9695,9.0044,,53.0,,,,,,data/raw_outputs/T-2B0693D50B00.txt,
T-18D766C3B113,2026-06-10T03:58:43.356885+00:00,HP-001,ollama,qwen2.5:3b,3B,default,1024,0.2,0.8,4,P004,debugging,2,success,0.1678,29.7716,16.2907,9.0102,,49.5,,,,,,data/raw_outputs/T-18D766C3B113.txt,
T-59DA9BAFA0A3,2026-06-10T03:59:02.476675+00:00,HP-001,ollama,qwen2.5:3b,3B,default,1024,0.2,0.8,4,P004,debugging,3,success,0.1533,30.598,19.1189,9.0366,,43.4,,,,,,data/raw_outputs/T-59DA9BAFA0A3.txt,
T-4D727E857F5A,2026-06-10T03:59:11.003133+00:00,HP-001,ollama,qwen2.5:3b,3B,default,1024,0.2,0.8,4,P005,safety,1,success,0.2437,31.6756,8.5239,9.0035,,28.8,,,,,,data/raw_outputs/T-4D727E857F5A.txt,
T-18E6620493F1,2026-06-10T03:59:17.510081+00:00,HP-001,ollama,qwen2.5:3b,3B,default,1024,0.2,0.8,4,P005,safety,2,success,0.1547,28.5896,6.5059,8.9834,,41.3,,,,,,data/raw_outputs/T-18E6620493F1.txt,
T-3F4E585C0E6A,2026-06-10T03:59:23.802505+00:00,HP-001,ollama,qwen2.5:3b,3B,default,1024,0.2,0.8,4,P005,safety,3,success,0.1534,30.8359,6.2914,8.9485,,47.6,,,,,,data/raw_outputs/T-3F4E585C0E6A.txt,
T-432551775993,2026-06-10T03:59:30.093224+00:00,HP-001,ollama,qwen2.5:3b,3B,default,1024,0.2,0.95,4,P001,basic_explanation,1,success,0.2691,27.3513,6.2885,8.9511,,53.6,,,,,,data/raw_outputs/T-432551775993.txt,
T-FDA735AF1A3C,2026-06-10T03:59:41.571781+00:00,HP-001,ollama,qwen2.5:3b,3B,default,1024,0.2,0.95,4,P001,basic_explanation,2,success,0.1581,28.0559,11.4771,8.8319,,59.2,,,,,,data/raw_outputs/T-FDA735AF1A3C.txt,
T-A9BF2C8EAD31,2026-06-10T03:59:47.508462+00:00,HP-001,ollama,qwen2.5:3b,3B,default,1024,0.2,0.95,4,P001,basic_explanation,3,success,0.1719,28.3088,5.9346,8.8853,,54.7,,,,,,data/raw_outputs/T-A9BF2C8EAD31.txt,
T-1B44EA1F56BE,2026-06-10T03:59:55.572747+00:00,HP-001,ollama,qwen2.5:3b,3B,default,1024,0.2,0.95,4,P002,coding,1,success,0.2816,27.4087,8.0631,8.8437,,54.9,,,,,,data/raw_outputs/T-1B44EA1F56BE.txt,
T-A30F628C3860,2026-06-10T04:00:07.598145+00:00,HP-001,ollama,qwen2.5:3b,3B,default,1024,0.2,0.95,4,P002,coding,2,success,0.1694,27.2783,12.0242,8.9382,,71.8,,,,,,data/raw_outputs/T-A30F628C3860.txt,
T-81A8E8273D39,2026-06-10T04:00:15.894751+00:00,HP-001,ollama,qwen2.5:3b,3B,default,1024,0.2,0.95,4,P002,coding,3,success,0.1671,28.0899,8.2948,8.867,,56.2,,,,,,data/raw_outputs/T-81A8E8273D39.txt,
T-9A4DD97ACCD1,2026-06-10T04:00:30.876288+00:00,HP-001,ollama,qwen2.5:3b,3B,default,1024,0.2,0.95,4,P003,linux,1,success,0.2725,27.8359,14.9806,7.7775,,64.5,,,,,,data/raw_outputs/T-9A4DD97ACCD1.txt,
T-D03CF850E9AD,2026-06-10T04:00:48.880507+00:00,HP-001,ollama,qwen2.5:3b,3B,default,1024,0.2,0.95,4,P003,linux,2,success,0.1537,29.7727,18.0031,7.7781,,50.5,,,,,,data/raw_outputs/T-D03CF850E9AD.txt,
T-30A11A797268,2026-06-10T04:01:04.832161+00:00,HP-001,ollama,qwen2.5:3b,3B,default,1024,0.2,0.95,4,P003,linux,3,success,0.1578,30.2187,15.9504,7.7592,,29.8,,,,,,data/raw_outputs/T-30A11A797268.txt,
T-2A0FE2542CF3,2026-06-10T04:01:27.664649+00:00,HP-001,ollama,qwen2.5:3b,3B,default,1024,0.2,0.95,4,P004,debugging,1,success,0.24,30.2215,22.8315,7.816,,57.8,,,,,,data/raw_outputs/T-2A0FE2542CF3.txt,
T-964895F3ACC9,2026-06-10T04:01:47.161425+00:00,HP-001,ollama,qwen2.5:3b,3B,default,1024,0.2,0.95,4,P004,debugging,2,success,0.1694,29.3397,19.4958,7.8198,,83.8,,,,,,data/raw_outputs/T-964895F3ACC9.txt,
T-1FD2F62DBFF4,2026-06-10T04:02:05.366497+00:00,HP-001,ollama,qwen2.5:3b,3B,default,1024,0.2,0.95,4,P004,debugging,3,success,0.157,30.1036,18.2038,8.0653,,55.8,,,,,,data/raw_outputs/T-1FD2F62DBFF4.txt,
T-8A0F560118AA,2026-06-10T04:02:10.436214+00:00,HP-001,ollama,qwen2.5:3b,3B,default,1024,0.2,0.95,4,P005,safety,1,success,0.2355,30.5815,5.0684,7.9068,,29.8,,,,,,data/raw_outputs/T-8A0F560118AA.txt,
T-3E76CDFDF52A,2026-06-10T04:02:18.627837+00:00,HP-001,ollama,qwen2.5:3b,3B,default,1024,0.2,0.95,4,P005,safety,2,success,0.1532,30.8894,8.1905,7.992,,52.8,,,,,,data/raw_outputs/T-3E76CDFDF52A.txt,
T-631D8ECEDF71,2026-06-10T04:02:25.885267+00:00,HP-001,ollama,qwen2.5:3b,3B,default,1024,0.2,0.95,4,P005,safety,3,success,0.1551,30.7311,7.2565,8.0024,,23.8,,,,,,data/raw_outputs/T-631D8ECEDF71.txt,
T-6AE99B71CFFE,2026-06-10T04:02:33.476738+00:00,HP-001,ollama,qwen2.5:3b,3B,default,1024,0.7,0.8,4,P001,basic_explanation,1,success,0.2486,29.5114,7.5903,7.9606,,45.3,,,,,,data/raw_outputs/T-6AE99B71CFFE.txt,
T-FBD95B8D9413,2026-06-10T04:02:43.751312+00:00,HP-001,ollama,qwen2.5:3b,3B,default,1024,0.7,0.8,4,P001,basic_explanation,2,success,0.154,31.6349,10.2735,7.9397,,25.7,,,,,,data/raw_outputs/T-FBD95B8D9413.txt,
T-6E02FD74E66E,2026-06-10T04:02:51.045514+00:00,HP-001,ollama,qwen2.5:3b,3B,default,1024,0.7,0.8,4,P001,basic_explanation,3,success,0.1561,31.1244,7.2933,7.9287,,34.5,,,,,,data/raw_outputs/T-6E02FD74E66E.txt,
T-B293296CAAF0,2026-06-10T04:03:03.667490+00:00,HP-001,ollama,qwen2.5:3b,3B,default,1024,0.7,0.8,4,P002,coding,1,success,0.2317,29.5531,12.6213,8.0401,,39.6,,,,,,data/raw_outputs/T-B293296CAAF0.txt,
T-D2338F3D4D46,2026-06-10T04:03:10.331403+00:00,HP-001,ollama,qwen2.5:3b,3B,default,1024,0.7,0.8,4,P002,coding,2,success,0.1385,27.6141,6.6633,8.0094,,53.5,,,,,,data/raw_outputs/T-D2338F3D4D46.txt,
T-880AB9158315,2026-06-10T04:03:22.851431+00:00,HP-001,ollama,qwen2.5:3b,3B,default,1024,0.7,0.8,4,P002,coding,3,success,0.1405,24.1234,12.5189,8.1197,,53.3,,,,,,data/raw_outputs/T-880AB9158315.txt,
T-0E1C7DC90D74,2026-06-10T04:03:34.443143+00:00,HP-001,ollama,qwen2.5:3b,3B,default,1024,0.7,0.8,4,P003,linux,1,success,0.2542,30.0236,11.5909,8.1169,,54.8,,,,,,data/raw_outputs/T-0E1C7DC90D74.txt,
T-1AC8B45F855C,2026-06-10T04:03:49.039142+00:00,HP-001,ollama,qwen2.5:3b,3B,default,1024,0.7,0.8,4,P003,linux,2,success,0.1434,29.1193,14.5952,8.4118,,47.1,,,,,,data/raw_outputs/T-1AC8B45F855C.txt,
T-41A7E6761592,2026-06-10T04:04:04.202693+00:00,HP-001,ollama,qwen2.5:3b,3B,default,1024,0.7,0.8,4,P003,linux,3,success,0.2333,29.9421,15.1626,8.1496,,45.7,,,,,,data/raw_outputs/T-41A7E6761592.txt,
T-D4538380DD81,2026-06-10T04:04:21.170181+00:00,HP-001,ollama,qwen2.5:3b,3B,default,1024,0.7,0.8,4,P004,debugging,1,success,0.2581,29.4108,16.9666,8.36,,30.8,,,,,,data/raw_outputs/T-D4538380DD81.txt,
T-F3799F27CC35,2026-06-10T04:04:37.453080+00:00,HP-001,ollama,qwen2.5:3b,3B,default,1024,0.7,0.8,4,P004,debugging,2,success,0.1601,30.0335,16.2818,8.3701,,31.4,,,,,,data/raw_outputs/T-F3799F27CC35.txt,
T-4B4604055D8D,2026-06-10T04:04:59.595915+00:00,HP-001,ollama,qwen2.5:3b,3B,default,1024,0.7,0.8,4,P004,debugging,3,success,0.1552,29.9436,22.1416,8.3547,,28.8,,,,,,data/raw_outputs/T-4B4604055D8D.txt,
T-7B742540A08C,2026-06-10T04:05:07.123700+00:00,HP-001,ollama,qwen2.5:3b,3B,default,1024,0.7,0.8,4,P005,safety,1,success,0.2425,29.23,7.5265,8.3541,,31.1,,,,,,data/raw_outputs/T-7B742540A08C.txt,
T-A487CAB07E20,2026-06-10T04:05:14.090803+00:00,HP-001,ollama,qwen2.5:3b,3B,default,1024,0.7,0.8,4,P005,safety,2,success,0.1565,28.7116,6.9658,8.233,,33.0,,,,,,data/raw_outputs/T-A487CAB07E20.txt,
T-A307E0AE1AB8,2026-06-10T04:05:19.852592+00:00,HP-001,ollama,qwen2.5:3b,3B,default,1024,0.7,0.8,4,P005,safety,3,success,0.154,28.6418,5.7608,8.2351,,28.6,,,,,,data/raw_outputs/T-A307E0AE1AB8.txt,
T-BD1B389A9D36,2026-06-10T04:05:27.304845+00:00,HP-001,ollama,qwen2.5:3b,3B,default,1024,0.7,0.95,4,P001,basic_explanation,1,success,0.2493,27.9144,7.4513,8.2382,,30.5,,,,,,data/raw_outputs/T-BD1B389A9D36.txt,
T-BDA8D60C399D,2026-06-10T04:05:33.761754+00:00,HP-001,ollama,qwen2.5:3b,3B,default,1024,0.7,0.95,4,P001,basic_explanation,2,success,0.1553,28.8113,6.4558,8.2277,,25.7,,,,,,data/raw_outputs/T-BDA8D60C399D.txt,
T-5C8F969CED10,2026-06-10T04:05:41.185387+00:00,HP-001,ollama,qwen2.5:3b,3B,default,1024,0.7,0.95,4,P001,basic_explanation,3,success,0.1528,29.2359,7.4224,8.3409,,32.7,,,,,,data/raw_outputs/T-5C8F969CED10.txt,
T-7EAB9A257C07,2026-06-10T04:05:56.350101+00:00,HP-001,ollama,qwen2.5:3b,3B,default,1024,0.7,0.95,4,P002,coding,1,success,0.2511,29.8087,15.1634,8.2718,,28.5,,,,,,data/raw_outputs/T-7EAB9A257C07.txt,
T-4B2947AAC27C,2026-06-10T04:06:05.100057+00:00,HP-001,ollama,qwen2.5:3b,3B,default,1024,0.7,0.95,4,P002,coding,2,success,0.1538,29.7187,8.7487,8.2649,,41.2,,,,,,data/raw_outputs/T-4B2947AAC27C.txt,
T-9B0A9A9A8709,2026-06-10T04:06:10.918356+00:00,HP-001,ollama,qwen2.5:3b,3B,default,1024,0.7,0.95,4,P002,coding,3,success,0.1491,29.7413,5.8168,8.2658,,27.5,,,,,,data/raw_outputs/T-9B0A9A9A8709.txt,
T-8119FF8CC0F9,2026-06-10T04:06:26.565359+00:00,HP-001,ollama,qwen2.5:3b,3B,default,1024,0.7,0.95,4,P003,linux,1,success,0.2345,29.6983,15.6238,8.3736,,30.8,,,,,,data/raw_outputs/T-8119FF8CC0F9.txt,
T-C3D6AF0A66D2,2026-06-10T04:06:39.360174+00:00,HP-001,ollama,qwen2.5:3b,3B,default,1024,0.7,0.95,4,P003,linux,2,success,0.1541,30.5147,12.7807,8.2204,,35.0,,,,,,data/raw_outputs/T-C3D6AF0A66D2.txt,
T-30EA41EEA115,2026-06-10T04:06:56.562925+00:00,HP-001,ollama,qwen2.5:3b,3B,default,1024,0.7,0.95,4,P003,linux,3,success,0.15,30.1249,17.1951,8.1937,,42.9,,,,,,data/raw_outputs/T-30EA41EEA115.txt,
T-851F9BB962BE,2026-06-10T04:07:14.907594+00:00,HP-001,ollama,qwen2.5:3b,3B,default,1024,0.7,0.95,4,P004,debugging,1,success,0.2468,30.3143,18.3412,8.2245,,31.1,,,,,,data/raw_outputs/T-851F9BB962BE.txt,
T-CABC20F6A940,2026-06-10T04:07:29.738079+00:00,HP-001,ollama,qwen2.5:3b,3B,default,1024,0.7,0.95,4,P004,debugging,2,success,0.1551,30.6161,14.8288,8.2494,,25.9,,,,,,data/raw_outputs/T-CABC20F6A940.txt,
T-50E0C7C69225,2026-06-10T04:07:47.857562+00:00,HP-001,ollama,qwen2.5:3b,3B,default,1024,0.7,0.95,4,P004,debugging,3,success,0.1688,30.9079,18.1183,8.2532,,40.8,,,,,,data/raw_outputs/T-50E0C7C69225.txt,
T-08FD0537F2C1,2026-06-10T04:07:58.402029+00:00,HP-001,ollama,qwen2.5:3b,3B,default,1024,0.7,0.95,4,P005,safety,1,success,0.2447,30.4463,10.5432,8.2642,,26.2,,,,,,data/raw_outputs/T-08FD0537F2C1.txt,
T-43E40F48074E,2026-06-10T04:08:06.064902+00:00,HP-001,ollama,qwen2.5:3b,3B,default,1024,0.7,0.95,4,P005,safety,2,success,0.1552,30.6717,7.6618,8.2652,,25.9,,,,,,data/raw_outputs/T-43E40F48074E.txt,
T-84B5E77904DB,2026-06-10T04:08:12.311912+00:00,HP-001,ollama,qwen2.5:3b,3B,default,1024,0.7,0.95,4,P005,safety,3,success,0.1611,30.9008,6.2458,8.2635,,25.7,,,,,,data/raw_outputs/T-84B5E77904DB.txt,
T-52BFC4318B5E,2026-06-10T04:08:18.407621+00:00,HP-001,ollama,qwen2.5:3b,3B,default,2048,0.2,0.8,4,P001,basic_explanation,1,success,1.1586,26.2535,6.0944,8.2678,,26.0,,,,,,data/raw_outputs/T-52BFC4318B5E.txt,
T-64D8D4A769E4,2026-06-10T04:08:27.371691+00:00,HP-001,ollama,qwen2.5:3b,3B,default,2048,0.2,0.8,4,P001,basic_explanation,2,success,0.1516,31.2391,8.9631,8.154,,25.2,,,,,,data/raw_outputs/T-64D8D4A769E4.txt,
T-54228A743505,2026-06-10T04:08:33.574430+00:00,HP-001,ollama,qwen2.5:3b,3B,default,2048,0.2,0.8,4,P001,basic_explanation,3,success,0.1633,30.1541,6.2015,8.1604,,39.1,,,,,,data/raw_outputs/T-54228A743505.txt,
T-AB86EA11BF50,2026-06-10T04:08:39.486533+00:00,HP-001,ollama,qwen2.5:3b,3B,default,2048,0.2,0.8,4,P002,coding,1,success,0.2434,30.6224,5.9107,8.2954,,26.9,,,,,,data/raw_outputs/T-AB86EA11BF50.txt,
T-5D6B57192376,2026-06-10T04:08:46.621039+00:00,HP-001,ollama,qwen2.5:3b,3B,default,2048,0.2,0.8,4,P002,coding,2,success,0.1507,30.9806,7.1335,8.283,,22.9,,,,,,data/raw_outputs/T-5D6B57192376.txt,
T-A4AC3D35A531,2026-06-10T04:08:53.855728+00:00,HP-001,ollama,qwen2.5:3b,3B,default,2048,0.2,0.8,4,P002,coding,3,success,0.1553,30.4129,7.2338,8.196,,26.5,,,,,,data/raw_outputs/T-A4AC3D35A531.txt,
T-C8D2FB71906A,2026-06-10T04:09:10.171830+00:00,HP-001,ollama,qwen2.5:3b,3B,default,2048,0.2,0.8,4,P003,linux,1,success,0.2373,30.9531,16.315,8.168,,26.4,,,,,,data/raw_outputs/T-C8D2FB71906A.txt,
T-9D578B6B6751,2026-06-10T04:09:23.381887+00:00,HP-001,ollama,qwen2.5:3b,3B,default,2048,0.2,0.8,4,P003,linux,2,success,0.1532,31.6451,13.209,8.1846,,27.7,,,,,,data/raw_outputs/T-9D578B6B6751.txt,
T-A519206D5C0E,2026-06-10T04:09:38.232072+00:00,HP-001,ollama,qwen2.5:3b,3B,default,2048,0.2,0.8,4,P003,linux,3,success,0.165,31.4496,14.8491,8.2014,,28.7,,,,,,data/raw_outputs/T-A519206D5C0E.txt,
T-7D5123CDC49E,2026-06-10T04:09:57.142902+00:00,HP-001,ollama,qwen2.5:3b,3B,default,2048,0.2,0.8,4,P004,debugging,1,success,0.23,31.36,18.9095,8.1771,,30.8,,,,,,data/raw_outputs/T-7D5123CDC49E.txt,
T-1B78BBD4E34C,2026-06-10T04:10:14.449704+00:00,HP-001,ollama,qwen2.5:3b,3B,default,2048,0.2,0.8,4,P004,debugging,2,success,0.154,31.4347,17.3057,8.1958,,26.2,,,,,,data/raw_outputs/T-1B78BBD4E34C.txt,
T-D8398C889E2A,2026-06-10T04:10:37.929981+00:00,HP-001,ollama,qwen2.5:3b,3B,default,2048,0.2,0.8,4,P004,debugging,3,success,0.155,31.262,23.479,8.2003,,35.6,,,,,,data/raw_outputs/T-D8398C889E2A.txt,
T-B8690F0FB7F1,2026-06-10T04:10:49.058816+00:00,HP-001,ollama,qwen2.5:3b,3B,default,2048,0.2,0.8,4,P005,safety,1,success,0.2299,31.0035,11.1278,8.2038,,35.6,,,,,,data/raw_outputs/T-B8690F0FB7F1.txt,
T-96E07AB90695,2026-06-10T04:10:55.592062+00:00,HP-001,ollama,qwen2.5:3b,3B,default,2048,0.2,0.8,4,P005,safety,2,success,0.1528,31.5368,6.532,8.2109,,26.0,,,,,,data/raw_outputs/T-96E07AB90695.txt,
T-AEC4E963669E,2026-06-10T04:11:00.793864+00:00,HP-001,ollama,qwen2.5:3b,3B,default,2048,0.2,0.8,4,P005,safety,3,success,0.1542,30.3813,5.2006,8.2207,,25.7,,,,,,data/raw_outputs/T-AEC4E963669E.txt,
T-D8DD7D4BD05F,2026-06-10T04:11:05.944754+00:00,HP-001,ollama,qwen2.5:3b,3B,default,2048,0.2,0.95,4,P001,basic_explanation,1,success,0.2432,30.2932,5.1497,8.2217,,26.2,,,,,,data/raw_outputs/T-D8DD7D4BD05F.txt,
T-F1406DD12DBB,2026-06-10T04:11:15.398576+00:00,HP-001,ollama,qwen2.5:3b,3B,default,2048,0.2,0.95,4,P001,basic_explanation,2,success,0.154,31.4189,9.4529,8.2286,,24.2,,,,,,data/raw_outputs/T-F1406DD12DBB.txt,
T-1F1D42D76E41,2026-06-10T04:11:24.190886+00:00,HP-001,ollama,qwen2.5:3b,3B,default,2048,0.2,0.95,4,P001,basic_explanation,3,success,0.1401,29.2341,8.7911,8.4115,,63.1,,,,,,data/raw_outputs/T-1F1D42D76E41.txt,
T-36701491ACF5,2026-06-10T04:11:31.659191+00:00,HP-001,ollama,qwen2.5:3b,3B,default,2048,0.2,0.95,4,P002,coding,1,success,0.2589,30.801,7.4673,8.4163,,24.3,,,,,,data/raw_outputs/T-36701491ACF5.txt,
T-889FD97785DE,2026-06-10T04:11:39.243277+00:00,HP-001,ollama,qwen2.5:3b,3B,default,2048,0.2,0.95,4,P002,coding,2,success,0.1567,30.1996,7.5829,8.413,,33.3,,,,,,data/raw_outputs/T-889FD97785DE.txt,
T-7CB05CAC597A,2026-06-10T04:11:50.491774+00:00,HP-001,ollama,qwen2.5:3b,3B,default,2048,0.2,0.95,4,P002,coding,3,success,0.166,29.7851,11.2472,8.4172,,33.0,,,,,,data/raw_outputs/T-7CB05CAC597A.txt,
T-78F03585E952,2026-06-10T04:12:03.693266+00:00,HP-001,ollama,qwen2.5:3b,3B,default,2048,0.2,0.95,4,P003,linux,1,success,0.2453,31.0593,13.2006,8.4142,,32.4,,,,,,data/raw_outputs/T-78F03585E952.txt,
T-9C11F0204AFA,2026-06-10T04:12:15.090744+00:00,HP-001,ollama,qwen2.5:3b,3B,default,2048,0.2,0.95,4,P003,linux,2,success,0.1561,30.6238,11.3963,8.4183,,61.5,,,,,,data/raw_outputs/T-9C11F0204AFA.txt,
T-43C3DC71A207,2026-06-10T04:12:28.130014+00:00,HP-001,ollama,qwen2.5:3b,3B,default,2048,0.2,0.95,4,P003,linux,3,success,0.1635,31.2938,13.0377,8.4209,,36.6,,,,,,data/raw_outputs/T-43C3DC71A207.txt,
T-4436C3BFEC18,2026-06-10T04:12:45.824942+00:00,HP-001,ollama,qwen2.5:3b,3B,default,2048,0.2,0.95,4,P004,debugging,1,success,0.2533,30.463,17.6936,8.3751,,33.9,,,,,,data/raw_outputs/T-4436C3BFEC18.txt,
T-4719CE7804E3,2026-06-10T04:13:04.528747+00:00,HP-001,ollama,qwen2.5:3b,3B,default,2048,0.2,0.95,4,P004,debugging,2,success,0.1693,29.9425,18.7025,8.4128,,37.8,,,,,,data/raw_outputs/T-4719CE7804E3.txt,
T-F347F5BE636E,2026-06-10T04:13:21.930923+00:00,HP-001,ollama,qwen2.5:3b,3B,default,2048,0.2,0.95,4,P004,debugging,3,success,0.1687,30.7457,17.4008,8.4164,,31.9,,,,,,data/raw_outputs/T-F347F5BE636E.txt,
T-885A84C525E7,2026-06-10T04:13:26.939541+00:00,HP-001,ollama,qwen2.5:3b,3B,default,2048,0.2,0.95,4,P005,safety,1,success,0.2328,29.7561,5.0074,8.4187,,24.3,,,,,,data/raw_outputs/T-885A84C525E7.txt,
T-34969BC2DAD7,2026-06-10T04:13:32.526080+00:00,HP-001,ollama,qwen2.5:3b,3B,default,2048,0.2,0.95,4,P005,safety,2,success,0.156,30.0775,5.5856,8.4195,,24.8,,,,,,data/raw_outputs/T-34969BC2DAD7.txt,
T-04D6CB52A477,2026-06-10T04:13:39.728861+00:00,HP-001,ollama,qwen2.5:3b,3B,default,2048,0.2,0.95,4,P005,safety,3,success,0.1569,30.8278,7.2013,8.4213,,32.7,,,,,,data/raw_outputs/T-04D6CB52A477.txt,
T-60EC646B408E,2026-06-10T04:13:47.323676+00:00,HP-001,ollama,qwen2.5:3b,3B,default,2048,0.7,0.8,4,P001,basic_explanation,1,success,0.25,29.8926,7.5938,8.4214,,24.0,,,,,,data/raw_outputs/T-60EC646B408E.txt,
T-33D18192723D,2026-06-10T04:13:55.511921+00:00,HP-001,ollama,qwen2.5:3b,3B,default,2048,0.7,0.8,4,P001,basic_explanation,2,success,0.1571,30.1692,8.1872,8.4921,,31.4,,,,,,data/raw_outputs/T-33D18192723D.txt,
T-597C74F99DF9,2026-06-10T04:14:03.153409+00:00,HP-001,ollama,qwen2.5:3b,3B,default,2048,0.7,0.8,4,P001,basic_explanation,3,success,0.1559,30.1067,7.6395,8.473,,24.5,,,,,,data/raw_outputs/T-597C74F99DF9.txt,
T-E7DB86474067,2026-06-10T04:14:11.220414+00:00,HP-001,ollama,qwen2.5:3b,3B,default,2048,0.7,0.8,4,P002,coding,1,success,0.2441,29.8801,8.0656,8.4014,,34.6,,,,,,data/raw_outputs/T-E7DB86474067.txt,
T-598AE5061E82,2026-06-10T04:14:19.173004+00:00,HP-001,ollama,qwen2.5:3b,3B,default,2048,0.7,0.8,4,P002,coding,2,success,0.1627,30.4355,7.9513,8.3862,,30.3,,,,,,data/raw_outputs/T-598AE5061E82.txt,
T-AAD92D135F89,2026-06-10T04:14:27.759864+00:00,HP-001,ollama,qwen2.5:3b,3B,default,2048,0.7,0.8,4,P002,coding,3,success,0.153,30.1658,8.5859,8.4242,,34.0,,,,,,data/raw_outputs/T-AAD92D135F89.txt,
T-93A29D389265,2026-06-10T04:14:42.758686+00:00,HP-001,ollama,qwen2.5:3b,3B,default,2048,0.7,0.8,4,P003,linux,1,success,0.2477,30.0736,14.9965,8.4139,,27.3,,,,,,data/raw_outputs/T-93A29D389265.txt,
T-2E34D2D8C2A9,2026-06-10T04:14:58.226054+00:00,HP-001,ollama,qwen2.5:3b,3B,default,2048,0.7,0.8,4,P003,linux,2,success,0.1548,29.873,15.4655,8.4211,,23.1,,,,,,data/raw_outputs/T-2E34D2D8C2A9.txt,
T-C928EB63BC77,2026-06-10T04:15:13.128023+00:00,HP-001,ollama,qwen2.5:3b,3B,default,2048,0.7,0.8,4,P003,linux,3,success,0.154,29.7304,14.9006,8.418,,32.4,,,,,,data/raw_outputs/T-C928EB63BC77.txt,
T-AFEE220E5AA1,2026-06-10T04:15:33.031984+00:00,HP-001,ollama,qwen2.5:3b,3B,default,2048,0.7,0.8,4,P004,debugging,1,success,0.2428,29.4942,19.9022,8.4607,,78.4,,,,,,data/raw_outputs/T-AFEE220E5AA1.txt,
T-1F14B7B0389B,2026-06-10T04:15:53.722865+00:00,HP-001,ollama,qwen2.5:3b,3B,default,2048,0.7,0.8,4,P004,debugging,2,success,0.1961,25.6655,20.6893,8.6719,,51.9,,,,,,data/raw_outputs/T-1F14B7B0389B.txt,
T-79BB00DDD3D3,2026-06-10T04:16:16.245753+00:00,HP-001,ollama,qwen2.5:3b,3B,default,2048,0.7,0.8,4,P004,debugging,3,success,0.1587,28.5961,22.5206,8.4822,,62.7,,,,,,data/raw_outputs/T-79BB00DDD3D3.txt,
T-78F532B27306,2026-06-10T04:16:23.174409+00:00,HP-001,ollama,qwen2.5:3b,3B,default,2048,0.7,0.8,4,P005,safety,1,success,0.2572,27.8593,6.9277,8.4649,,32.7,,,,,,data/raw_outputs/T-78F532B27306.txt,
T-CA2C018FEA8A,2026-06-10T04:16:30.064411+00:00,HP-001,ollama,qwen2.5:3b,3B,default,2048,0.7,0.8,4,P005,safety,2,success,0.1514,28.7413,6.889,8.4634,,45.8,,,,,,data/raw_outputs/T-CA2C018FEA8A.txt,
T-9E52F74F84C2,2026-06-10T04:16:38.198446+00:00,HP-001,ollama,qwen2.5:3b,3B,default,2048,0.7,0.8,4,P005,safety,3,success,0.1514,27.9118,8.1328,8.4741,,52.5,,,,,,data/raw_outputs/T-9E52F74F84C2.txt,
T-53FCF8CC9849,2026-06-10T04:16:44.248806+00:00,HP-001,ollama,qwen2.5:3b,3B,default,2048,0.7,0.95,4,P001,basic_explanation,1,success,0.2521,27.2773,6.049,8.5538,,51.0,,,,,,data/raw_outputs/T-53FCF8CC9849.txt,
T-BD1696944972,2026-06-10T04:16:51.093549+00:00,HP-001,ollama,qwen2.5:3b,3B,default,2048,0.7,0.95,4,P001,basic_explanation,2,success,0.1644,27.4708,6.8436,8.4942,,51.4,,,,,,data/raw_outputs/T-BD1696944972.txt,
T-B4D6693550A2,2026-06-10T04:16:57.434267+00:00,HP-001,ollama,qwen2.5:3b,3B,default,2048,0.7,0.95,4,P001,basic_explanation,3,success,0.1532,27.4466,6.3396,8.4576,,51.9,,,,,,data/raw_outputs/T-B4D6693550A2.txt,
T-13DBDE18A287,2026-06-10T04:17:08.632342+00:00,HP-001,ollama,qwen2.5:3b,3B,default,2048,0.7,0.95,4,P002,coding,1,success,0.2602,21.077,11.197,8.7132,,47.5,,,,,,data/raw_outputs/T-13DBDE18A287.txt,
T-666B36A10631,2026-06-10T04:17:27.260889+00:00,HP-001,ollama,qwen2.5:3b,3B,default,2048,0.7,0.95,4,P002,coding,2,success,0.1713,19.1656,18.6271,8.6792,,68.0,,,,,,data/raw_outputs/T-666B36A10631.txt,
T-6C06E6D68F01,2026-06-10T04:17:48.553388+00:00,HP-001,ollama,qwen2.5:3b,3B,default,2048,0.7,0.95,4,P002,coding,3,success,0.2241,18.0832,21.2905,8.7213,,67.0,,,,,,data/raw_outputs/T-6C06E6D68F01.txt,
T-D509625445CE,2026-06-10T04:18:09.262299+00:00,HP-001,ollama,qwen2.5:3b,3B,default,2048,0.7,0.95,4,P003,linux,1,success,0.3816,18.5438,20.7077,8.7484,,51.4,,,,,,data/raw_outputs/T-D509625445CE.txt,
T-B851111171CC,2026-06-10T04:18:22.682899+00:00,HP-001,ollama,qwen2.5:3b,3B,default,2048,0.7,0.95,4,P003,linux,2,success,0.2361,24.9654,13.4186,8.5972,,49.1,,,,,,data/raw_outputs/T-B851111171CC.txt,
T-795E6457E249,2026-06-10T04:18:37.984876+00:00,HP-001,ollama,qwen2.5:3b,3B,default,2048,0.7,0.95,4,P003,linux,3,success,0.1593,23.2017,15.3006,8.679,,63.9,,,,,,data/raw_outputs/T-795E6457E249.txt,
T-135B16095067,2026-06-10T04:19:07.229087+00:00,HP-001,ollama,qwen2.5:3b,3B,default,2048,0.7,0.95,4,P004,debugging,1,success,0.2857,15.6964,29.2423,8.7544,,75.8,,,,,,data/raw_outputs/T-135B16095067.txt,
T-9D169587AD83,2026-06-10T04:19:35.285924+00:00,HP-001,ollama,qwen2.5:3b,3B,default,2048,0.7,0.95,4,P004,debugging,2,success,0.262,22.8838,28.0548,8.6754,,77.4,,,,,,data/raw_outputs/T-9D169587AD83.txt,
T-5695EB1B1B11,2026-06-10T04:19:55.650739+00:00,HP-001,ollama,qwen2.5:3b,3B,default,2048,0.7,0.95,4,P004,debugging,3,success,0.1616,23.6217,20.3626,8.6467,,56.1,,,,,,data/raw_outputs/T-5695EB1B1B11.txt,
T-CCD573C57609,2026-06-10T04:20:04.383212+00:00,HP-001,ollama,qwen2.5:3b,3B,default,2048,0.7,0.95,4,P005,safety,1,success,0.2648,23.7085,8.7311,8.5752,,55.8,,,,,,data/raw_outputs/T-CCD573C57609.txt,
T-3422F1C4E041,2026-06-10T04:20:15.173325+00:00,HP-001,ollama,qwen2.5:3b,3B,default,2048,0.7,0.95,4,P005,safety,2,success,0.1673,24.0061,10.7889,8.5636,,38.8,,,,,,data/raw_outputs/T-3422F1C4E041.txt,
T-E5010AFE1CEE,2026-06-10T04:20:29.197330+00:00,HP-001,ollama,qwen2.5:3b,3B,default,2048,0.7,0.95,4,P005,safety,3,success,0.167,17.3286,14.0231,8.6909,,61.7,,,,,,data/raw_outputs/T-E5010AFE1CEE.txt,
T-51C76872DA3A,2026-06-10T04:21:04.884697+00:00,HP-001,ollama,mistral:7b,7B,default,1024,0.2,0.8,4,P001,basic_explanation,1,success,3.6416,6.9777,35.6852,9.8394,,66.0,,,,,,data/raw_outputs/T-51C76872DA3A.txt,
T-012752D4FB0E,2026-06-10T04:21:29.766855+00:00,HP-001,ollama,mistral:7b,7B,default,1024,0.2,0.8,4,P001,basic_explanation,2,success,0.1189,9.7671,24.8795,9.7414,,62.9,,,,,,data/raw_outputs/T-012752D4FB0E.txt,
T-4E8530B4FAA9,2026-06-10T04:21:46.520600+00:00,HP-001,ollama,mistral:7b,7B,default,1024,0.2,0.8,4,P001,basic_explanation,3,success,0.1355,9.4917,16.7515,9.8248,,60.0,,,,,,data/raw_outputs/T-4E8530B4FAA9.txt,
T-C6144D2CB6AF,2026-06-10T04:21:58.530633+00:00,HP-001,ollama,mistral:7b,7B,default,1024,0.2,0.8,4,P002,coding,1,success,0.3821,9.7435,12.008,9.7472,,26.7,,,,,,data/raw_outputs/T-C6144D2CB6AF.txt,
T-6981FA7DFE2B,2026-06-10T04:22:11.447465+00:00,HP-001,ollama,mistral:7b,7B,default,1024,0.2,0.8,4,P002,coding,2,success,0.1191,7.9748,12.9157,9.8032,,65.0,,,,,,data/raw_outputs/T-6981FA7DFE2B.txt,
T-E0E5D19233BC,2026-06-10T04:22:24.900770+00:00,HP-001,ollama,mistral:7b,7B,default,1024,0.2,0.8,4,P002,coding,3,success,0.1704,8.4753,13.4509,9.7727,,49.1,,,,,,data/raw_outputs/T-E0E5D19233BC.txt,
T-E1CB9360989C,2026-06-10T04:22:54.310038+00:00,HP-001,ollama,mistral:7b,7B,default,1024,0.2,0.8,4,P003,linux,1,success,0.5627,10.3037,29.407,9.7693,,47.6,,,,,,data/raw_outputs/T-E1CB9360989C.txt,
T-DABA32F3C48D,2026-06-10T04:23:27.002135+00:00,HP-001,ollama,mistral:7b,7B,default,1024,0.2,0.8,4,P003,linux,2,success,0.1248,10.1559,32.6904,9.7391,,68.0,,,,,,data/raw_outputs/T-DABA32F3C48D.txt,
T-3EBC400094DB,2026-06-10T04:24:04.524997+00:00,HP-001,ollama,mistral:7b,7B,default,1024,0.2,0.8,4,P003,linux,3,success,0.1292,9.4346,37.5214,9.7718,,27.9,,,,,,data/raw_outputs/T-3EBC400094DB.txt,
T-9AD093EA2BC1,2026-06-10T04:24:42.078072+00:00,HP-001,ollama,mistral:7b,7B,default,1024,0.2,0.8,4,P004,debugging,1,success,0.553,8.0958,37.5501,9.7439,,57.4,,,,,,data/raw_outputs/T-9AD093EA2BC1.txt,
T-403E6D56B8DC,2026-06-10T04:25:31.192441+00:00,HP-001,ollama,mistral:7b,7B,default,1024,0.2,0.8,4,P004,debugging,2,success,0.1289,8.735,49.1126,9.7089,,57.3,,,,,,data/raw_outputs/T-403E6D56B8DC.txt,
T-5B105B7CEB38,2026-06-10T04:26:23.048668+00:00,HP-001,ollama,mistral:7b,7B,default,1024,0.2,0.8,4,P004,debugging,3,success,0.31,8.0032,51.8542,9.6555,,67.6,,,,,,data/raw_outputs/T-5B105B7CEB38.txt,
T-EFA2A2130DCD,2026-06-10T04:27:00.197223+00:00,HP-001,ollama,mistral:7b,7B,default,1024,0.2,0.8,4,P005,safety,1,success,1.4999,6.7034,37.1452,9.6168,,67.0,,,,,,data/raw_outputs/T-EFA2A2130DCD.txt,
T-FFB3B01120DD,2026-06-10T04:27:22.677292+00:00,HP-001,ollama,mistral:7b,7B,default,1024,0.2,0.8,4,P005,safety,2,success,0.1553,7.0291,22.4778,9.5792,,74.1,,,,,,data/raw_outputs/T-FFB3B01120DD.txt,
T-7406EA9BE302,2026-06-10T04:27:53.374181+00:00,HP-001,ollama,mistral:7b,7B,default,1024,0.2,0.8,4,P005,safety,3,success,0.1679,7.2652,30.6943,9.5188,,54.7,,,,,,data/raw_outputs/T-7406EA9BE302.txt,
T-818D4C0A4A2E,2026-06-10T04:28:22.452011+00:00,HP-001,ollama,mistral:7b,7B,default,1024,0.2,0.95,4,P001,basic_explanation,1,success,0.5162,7.3255,29.0763,9.5618,,60.6,,,,,,data/raw_outputs/T-818D4C0A4A2E.txt,
T-81C3BFE9674C,2026-06-10T04:28:58.356872+00:00,HP-001,ollama,mistral:7b,7B,default,1024,0.2,0.95,4,P001,basic_explanation,2,success,0.138,7.3812,35.9022,9.6381,,51.5,,,,,,data/raw_outputs/T-81C3BFE9674C.txt,
T-A2C69763D7C6,2026-06-10T04:29:22.513306+00:00,HP-001,ollama,mistral:7b,7B,default,1024,0.2,0.95,4,P001,basic_explanation,3,success,0.1354,7.4937,24.1537,9.5748,,45.6,,,,,,data/raw_outputs/T-A2C69763D7C6.txt,
T-FA33075A1B0F,2026-06-10T04:29:42.471385+00:00,HP-001,ollama,mistral:7b,7B,default,1024,0.2,0.95,4,P002,coding,1,success,0.5486,7.1655,19.9566,9.6024,,84.6,,,,,,data/raw_outputs/T-FA33075A1B0F.txt,
T-4EB343888552,2026-06-10T04:29:59.671890+00:00,HP-001,ollama,mistral:7b,7B,default,1024,0.2,0.95,4,P002,coding,2,success,0.136,7.9083,17.1971,9.5094,,44.3,,,,,,data/raw_outputs/T-4EB343888552.txt,
T-07E60E4A56E8,2026-06-10T04:30:18.431589+00:00,HP-001,ollama,mistral:7b,7B,default,1024,0.2,0.95,4,P002,coding,3,success,0.143,7.8365,18.7583,9.571,,40.8,,,,,,data/raw_outputs/T-07E60E4A56E8.txt,
T-54CA984E8843,2026-06-10T04:31:05.458730+00:00,HP-001,ollama,mistral:7b,7B,default,1024,0.2,0.95,4,P003,linux,1,success,0.6019,7.4004,47.0242,9.7337,,84.8,,,,,,data/raw_outputs/T-54CA984E8843.txt,
T-D08664198BD2,2026-06-10T04:31:40.549514+00:00,HP-001,ollama,mistral:7b,7B,default,1024,0.2,0.95,4,P003,linux,2,success,0.156,10.1175,35.0876,9.1169,,39.2,,,,,,data/raw_outputs/T-D08664198BD2.txt,
T-07D9970975D7,2026-06-10T04:32:19.246535+00:00,HP-001,ollama,mistral:7b,7B,default,1024,0.2,0.95,4,P003,linux,3,success,0.1093,9.7425,38.6962,8.8359,,41.5,,,,,,data/raw_outputs/T-07D9970975D7.txt,
T-1D465F2B65E4,2026-06-10T04:32:53.086899+00:00,HP-001,ollama,mistral:7b,7B,default,1024,0.2,0.95,4,P004,debugging,1,success,0.6388,9.6632,33.8397,8.864,,65.1,,,,,,data/raw_outputs/T-1D465F2B65E4.txt,
T-1A223962E208,2026-06-10T04:34:14.301001+00:00,HP-001,ollama,mistral:7b,7B,default,1024,0.2,0.95,4,P004,debugging,2,success,0.1093,7.3757,81.2123,9.5543,,84.3,,,,,,data/raw_outputs/T-1A223962E208.txt,
T-0138DF68FDE4,2026-06-10T04:34:58.229590+00:00,HP-001,ollama,mistral:7b,7B,default,1024,0.2,0.95,4,P004,debugging,3,success,0.1367,7.9906,43.9266,9.3971,,78.6,,,,,,data/raw_outputs/T-0138DF68FDE4.txt,
T-4C07976EE5E2,2026-06-10T04:35:41.248933+00:00,HP-001,ollama,mistral:7b,7B,default,1024,0.2,0.95,4,P005,safety,1,success,0.5718,7.2986,43.022,9.5988,,65.0,,,,,,data/raw_outputs/T-4C07976EE5E2.txt,
T-1D3907F8A0A8,2026-06-10T04:36:22.160035+00:00,HP-001,ollama,mistral:7b,7B,default,1024,0.2,0.95,4,P005,safety,2,success,0.1362,6.6435,40.9422,9.8087,,76.4,,,,,,data/raw_outputs/T-1D3907F8A0A8.txt,
T-47C97BB8E904,2026-06-10T04:36:42.667571+00:00,HP-001,ollama,mistral:7b,7B,default,1024,0.2,0.95,4,P005,safety,3,success,0.1238,8.4355,20.5085,9.5718,,65.3,,,,,,data/raw_outputs/T-47C97BB8E904.txt,
T-E71A6778C1E0,2026-06-10T04:37:12.529170+00:00,HP-001,ollama,mistral:7b,7B,default,1024,0.7,0.8,4,P001,basic_explanation,1,success,0.9105,5.827,29.8611,9.7995,,69.1,,,,,,data/raw_outputs/T-E71A6778C1E0.txt,
T-1B2AA5751C6C,2026-06-10T04:37:39.199904+00:00,HP-001,ollama,mistral:7b,7B,default,1024,0.7,0.8,4,P001,basic_explanation,2,success,0.2436,6.9367,26.6696,9.8159,,76.0,,,,,,data/raw_outputs/T-1B2AA5751C6C.txt,
T-B66DF1A58A8E,2026-06-10T04:38:18.419539+00:00,HP-001,ollama,mistral:7b,7B,default,1024,0.7,0.8,4,P001,basic_explanation,3,success,0.1357,7.9299,39.2185,9.7417,,39.8,,,,,,data/raw_outputs/T-B66DF1A58A8E.txt,
T-E905D9F45B40,2026-06-10T04:38:38.317802+00:00,HP-001,ollama,mistral:7b,7B,default,1024,0.7,0.8,4,P002,coding,1,success,0.5027,6.8854,19.8972,9.6728,,50.0,,,,,,data/raw_outputs/T-E905D9F45B40.txt,
T-649DA40CAE84,2026-06-10T04:38:52.915946+00:00,HP-001,ollama,mistral:7b,7B,default,1024,0.7,0.8,4,P002,coding,2,success,0.1137,7.8101,14.5964,9.78,,66.7,,,,,,data/raw_outputs/T-649DA40CAE84.txt,
T-10A2FCA27FBD,2026-06-10T04:39:11.957638+00:00,HP-001,ollama,mistral:7b,7B,default,1024,0.7,0.8,4,P002,coding,3,success,0.2147,6.8798,19.0412,9.7742,,72.1,,,,,,data/raw_outputs/T-10A2FCA27FBD.txt,
T-7CE2C6D96FD4,2026-06-10T04:39:59.283286+00:00,HP-001,ollama,mistral:7b,7B,default,1024,0.7,0.8,4,P003,linux,1,success,0.6164,7.0365,47.3249,9.7289,,77.9,,,,,,data/raw_outputs/T-7CE2C6D96FD4.txt,
T-CED43A527DD4,2026-06-10T04:40:44.839971+00:00,HP-001,ollama,mistral:7b,7B,default,1024,0.7,0.8,4,P003,linux,2,success,0.144,9.5294,36.6233,9.7966,,83.0,,,,,,data/raw_outputs/T-CED43A527DD4.txt,
T-496CE6783772,2026-06-10T04:41:08.005867+00:00,HP-001,ollama,mistral:7b,7B,default,1024,0.7,0.8,4,P003,linux,3,success,0.1065,17.4897,23.1564,9.4722,,24.3,,,,,,data/raw_outputs/T-496CE6783772.txt,
T-EB3495D2D9A0,2026-06-10T04:41:34.010419+00:00,HP-001,ollama,mistral:7b,7B,default,1024,0.7,0.8,4,P004,debugging,1,success,0.3044,14.2689,26.0005,9.3593,,28.3,,,,,,data/raw_outputs/T-EB3495D2D9A0.txt,
T-D9958E2E683B,2026-06-10T04:41:59.058751+00:00,HP-001,ollama,mistral:7b,7B,default,1024,0.7,0.8,4,P004,debugging,2,success,0.1165,12.4168,25.0467,9.4867,,24.5,,,,,,data/raw_outputs/T-D9958E2E683B.txt,
T-B77F0F337973,2026-06-10T04:42:32.736172+00:00,HP-001,ollama,mistral:7b,7B,default,1024,0.7,0.8,4,P004,debugging,3,success,0.1166,12.2639,33.6761,9.5119,,51.9,,,,,,data/raw_outputs/T-B77F0F337973.txt,
T-DE108E5AD3DD,2026-06-10T04:42:46.782314+00:00,HP-001,ollama,mistral:7b,7B,default,1024,0.7,0.8,4,P005,safety,1,success,0.4035,12.6742,14.0443,9.3915,,27.8,,,,,,data/raw_outputs/T-DE108E5AD3DD.txt,
T-448EECAC4107,2026-06-10T04:42:51.378110+00:00,HP-001,ollama,mistral:7b,7B,default,1024,0.7,0.8,4,P005,safety,2,success,0.1101,13.2775,4.5942,9.3986,,27.0,,,,,,data/raw_outputs/T-448EECAC4107.txt,
T-5540D2E7FACD,2026-06-10T04:43:01.261774+00:00,HP-001,ollama,mistral:7b,7B,default,1024,0.7,0.8,4,P005,safety,3,success,0.1116,13.4584,9.8823,9.4053,,22.3,,,,,,data/raw_outputs/T-5540D2E7FACD.txt,
T-1A4C3FA878E5,2026-06-10T04:43:11.850690+00:00,HP-001,ollama,mistral:7b,7B,default,1024,0.7,0.95,4,P001,basic_explanation,1,success,0.3435,13.8835,10.5881,9.4069,,22.2,,,,,,data/raw_outputs/T-1A4C3FA878E5.txt,
T-6718F3A88225,2026-06-10T04:43:20.238481+00:00,HP-001,ollama,mistral:7b,7B,default,1024,0.7,0.95,4,P001,basic_explanation,2,success,0.0949,14.4275,8.3868,9.4185,,24.5,,,,,,data/raw_outputs/T-6718F3A88225.txt,
T-52D9EEC6DC93,2026-06-10T04:43:32.737220+00:00,HP-001,ollama,mistral:7b,7B,default,1024,0.7,0.95,4,P001,basic_explanation,3,success,0.1124,14.6428,12.4976,9.4242,,27.9,,,,,,data/raw_outputs/T-52D9EEC6DC93.txt,
T-759A1B54354D,2026-06-10T04:43:40.486521+00:00,HP-001,ollama,mistral:7b,7B,default,1024,0.7,0.95,4,P002,coding,1,success,0.3383,14.4551,7.7482,9.4322,,44.3,,,,,,data/raw_outputs/T-759A1B54354D.txt,
T-07F65CCCF087,2026-06-10T04:43:49.071719+00:00,HP-001,ollama,mistral:7b,7B,default,1024,0.7,0.95,4,P002,coding,2,success,0.109,14.7951,8.5839,9.4401,,33.6,,,,,,data/raw_outputs/T-07F65CCCF087.txt,
T-09FEECC2BD3C,2026-06-10T04:43:56.852679+00:00,HP-001,ollama,mistral:7b,7B,default,1024,0.7,0.95,4,P002,coding,3,success,0.107,15.296,7.7798,9.4329,,24.0,,,,,,data/raw_outputs/T-09FEECC2BD3C.txt,
T-3317096DA989,2026-06-10T04:44:18.456273+00:00,HP-001,ollama,mistral:7b,7B,default,1024,0.7,0.95,4,P003,linux,1,success,0.3374,15.2298,21.6023,9.4421,,25.5,,,,,,data/raw_outputs/T-3317096DA989.txt,
T-04E913384B22,2026-06-10T04:44:40.374661+00:00,HP-001,ollama,mistral:7b,7B,default,1024,0.7,0.95,4,P003,linux,2,success,0.1028,15.7414,21.9168,9.4104,,25.7,,,,,,data/raw_outputs/T-04E913384B22.txt,
T-2D532EA4578B,2026-06-10T04:44:58.895343+00:00,HP-001,ollama,mistral:7b,7B,default,1024,0.7,0.95,4,P003,linux,3,success,0.1059,15.8215,18.5191,9.4308,,24.3,,,,,,data/raw_outputs/T-2D532EA4578B.txt,
T-A2D34C426ED6,2026-06-10T04:45:25.812253+00:00,HP-001,ollama,mistral:7b,7B,default,1024,0.7,0.95,4,P004,debugging,1,success,0.3034,15.753,26.9155,9.4332,,33.3,,,,,,data/raw_outputs/T-A2D34C426ED6.txt,
T-389B4C946521,2026-06-10T04:45:54.561054+00:00,HP-001,ollama,mistral:7b,7B,default,1024,0.7,0.95,4,P004,debugging,2,success,0.1079,15.8969,28.7478,9.4128,,29.0,,,,,,data/raw_outputs/T-389B4C946521.txt,
T-3FB82F049B3B,2026-06-10T04:46:15.026536+00:00,HP-001,ollama,mistral:7b,7B,default,1024,0.7,0.95,4,P004,debugging,3,success,0.1028,15.4905,20.4641,9.4518,,61.0,,,,,,data/raw_outputs/T-3FB82F049B3B.txt,
T-49DC19AD3E41,2026-06-10T04:46:25.802908+00:00,HP-001,ollama,mistral:7b,7B,default,1024,0.7,0.95,4,P005,safety,1,success,0.1057,15.5925,10.7744,9.4426,,38.8,,,,,,data/raw_outputs/T-49DC19AD3E41.txt,
T-DC9FDADF21AB,2026-06-10T04:46:43.463248+00:00,HP-001,ollama,mistral:7b,7B,default,1024,0.7,0.95,4,P005,safety,2,success,0.1065,15.9695,17.6586,9.4271,,37.3,,,,,,data/raw_outputs/T-DC9FDADF21AB.txt,
T-26A9D2A598DD,2026-06-10T04:47:01.176974+00:00,HP-001,ollama,mistral:7b,7B,default,1024,0.7,0.95,4,P005,safety,3,success,0.1027,13.5499,17.7124,9.4318,,56.6,,,,,,data/raw_outputs/T-26A9D2A598DD.txt,
T-F8C68C992020,2026-06-10T04:47:17.759337+00:00,HP-001,ollama,mistral:7b,7B,default,2048,0.2,0.8,4,P001,basic_explanation,1,success,1.3871,12.4245,16.5801,9.3703,,47.7,,,,,,data/raw_outputs/T-F8C68C992020.txt,
T-5583A2EA71B0,2026-06-10T04:47:32.968663+00:00,HP-001,ollama,mistral:7b,7B,default,2048,0.2,0.8,4,P001,basic_explanation,2,success,0.1164,13.4811,15.2064,9.3832,,42.9,,,,,,data/raw_outputs/T-5583A2EA71B0.txt,
T-3048B817A778,2026-06-10T04:47:47.125977+00:00,HP-001,ollama,mistral:7b,7B,default,2048,0.2,0.8,4,P001,basic_explanation,3,success,0.1106,13.4922,14.1563,9.3059,,50.5,,,,,,data/raw_outputs/T-3048B817A778.txt,
T-022301C8541B,2026-06-10T04:47:58.269956+00:00,HP-001,ollama,mistral:7b,7B,default,2048,0.2,0.8,4,P002,coding,1,success,0.3513,12.0256,11.1429,9.791,,72.3,,,,,,data/raw_outputs/T-022301C8541B.txt,
T-A4DE2708BC64,2026-06-10T04:48:06.635138+00:00,HP-001,ollama,mistral:7b,7B,default,2048,0.2,0.8,4,P002,coding,2,success,0.122,13.0322,8.3639,9.7908,,56.5,,,,,,data/raw_outputs/T-A4DE2708BC64.txt,
T-1144BB2CE20D,2026-06-10T04:48:15.830846+00:00,HP-001,ollama,mistral:7b,7B,default,2048,0.2,0.8,4,P002,coding,3,success,0.1174,13.1606,9.1941,9.8243,,49.5,,,,,,data/raw_outputs/T-1144BB2CE20D.txt,
T-A4B98922EA27,2026-06-10T04:48:45.313905+00:00,HP-001,ollama,mistral:7b,7B,default,2048,0.2,0.8,4,P003,linux,1,success,0.3563,13.0597,29.4801,9.8611,,52.8,,,,,,data/raw_outputs/T-A4B98922EA27.txt,
T-A9D732745AE7,2026-06-10T04:49:12.548260+00:00,HP-001,ollama,mistral:7b,7B,default,2048,0.2,0.8,4,P003,linux,2,success,0.1167,13.6237,27.2319,9.8081,,47.2,,,,,,data/raw_outputs/T-A9D732745AE7.txt,
T-552EC75F4345,2026-06-10T04:49:36.108389+00:00,HP-001,ollama,mistral:7b,7B,default,2048,0.2,0.8,4,P003,linux,3,success,0.1262,13.4989,23.5574,9.8193,,53.3,,,,,,data/raw_outputs/T-552EC75F4345.txt,
T-E40AA36996B6,2026-06-10T04:50:09.911871+00:00,HP-001,ollama,mistral:7b,7B,default,2048,0.2,0.8,4,P004,debugging,1,success,0.3483,14.3188,33.8017,9.8174,,50.9,,,,,,data/raw_outputs/T-E40AA36996B6.txt,
T-0DE3323588B9,2026-06-10T04:50:33.763373+00:00,HP-001,ollama,mistral:7b,7B,default,2048,0.2,0.8,4,P004,debugging,2,success,0.1084,16.0597,23.8485,9.8967,,39.4,,,,,,data/raw_outputs/T-0DE3323588B9.txt,
T-AB28E2061F66,2026-06-10T04:50:53.712664+00:00,HP-001,ollama,mistral:7b,7B,default,2048,0.2,0.8,4,P004,debugging,3,success,0.1083,16.142,19.9479,9.8773,,27.0,,,,,,data/raw_outputs/T-AB28E2061F66.txt,
T-AECC589F39AE,2026-06-10T04:51:02.113641+00:00,HP-001,ollama,mistral:7b,7B,default,2048,0.2,0.8,4,P005,safety,1,success,0.3192,15.7164,8.3989,9.7442,,28.2,,,,,,data/raw_outputs/T-AECC589F39AE.txt,
T-921701DBD1D9,2026-06-10T04:51:07.552205+00:00,HP-001,ollama,mistral:7b,7B,default,2048,0.2,0.8,4,P005,safety,2,success,0.1008,16.0009,5.4372,9.7418,,24.5,,,,,,data/raw_outputs/T-921701DBD1D9.txt,
T-281224072118,2026-06-10T04:51:25.777085+00:00,HP-001,ollama,mistral:7b,7B,default,2048,0.2,0.8,4,P005,safety,3,success,0.1073,16.0782,18.2234,9.7488,,37.5,,,,,,data/raw_outputs/T-281224072118.txt,
T-BB4F145E4A4F,2026-06-10T04:51:41.689330+00:00,HP-001,ollama,mistral:7b,7B,default,2048,0.2,0.95,4,P001,basic_explanation,1,success,0.3028,15.9012,15.9107,9.7599,,24.5,,,,,,data/raw_outputs/T-BB4F145E4A4F.txt,
T-CF86F2F656C6,2026-06-10T04:51:54.040825+00:00,HP-001,ollama,mistral:7b,7B,default,2048,0.2,0.95,4,P001,basic_explanation,2,success,0.1064,16.1129,12.3503,9.7585,,23.8,,,,,,data/raw_outputs/T-CF86F2F656C6.txt,
T-C3B17E496581,2026-06-10T04:52:04.626543+00:00,HP-001,ollama,mistral:7b,7B,default,2048,0.2,0.95,4,P001,basic_explanation,3,success,0.0829,16.2508,10.5841,9.7592,,23.3,,,,,,data/raw_outputs/T-C3B17E496581.txt,
T-5BE4C1170771,2026-06-10T04:52:12.965814+00:00,HP-001,ollama,mistral:7b,7B,default,2048,0.2,0.95,4,P002,coding,1,success,0.3155,15.7111,8.338,9.7654,,23.5,,,,,,data/raw_outputs/T-5BE4C1170771.txt,
T-6BEB245594AC,2026-06-10T04:52:20.315222+00:00,HP-001,ollama,mistral:7b,7B,default,2048,0.2,0.95,4,P002,coding,2,success,0.102,16.1971,7.347,9.8912,,24.1,,,,,,data/raw_outputs/T-6BEB245594AC.txt,
T-7D23CE6EDA51,2026-06-10T04:52:29.109184+00:00,HP-001,ollama,mistral:7b,7B,default,2048,0.2,0.95,4,P002,coding,3,success,0.106,16.0362,8.7926,9.8017,,22.9,,,,,,data/raw_outputs/T-7D23CE6EDA51.txt,
T-38289B360383,2026-06-10T04:52:50.204438+00:00,HP-001,ollama,mistral:7b,7B,default,2048,0.2,0.95,4,P003,linux,1,success,0.3076,16.1182,21.0941,9.7778,,23.2,,,,,,data/raw_outputs/T-38289B360383.txt,
T-60F51821CA6E,2026-06-10T04:53:06.770658+00:00,HP-001,ollama,mistral:7b,7B,default,2048,0.2,0.95,4,P003,linux,2,success,0.1063,16.3597,16.5651,9.7851,,22.9,,,,,,data/raw_outputs/T-60F51821CA6E.txt,
T-C51376EA3DB7,2026-06-10T04:53:32.671482+00:00,HP-001,ollama,mistral:7b,7B,default,2048,0.2,0.95,4,P003,linux,3,success,0.1064,16.2164,25.8998,9.7874,,25.0,,,,,,data/raw_outputs/T-C51376EA3DB7.txt,
T-2E8771736C40,2026-06-10T04:53:57.252213+00:00,HP-001,ollama,mistral:7b,7B,default,2048,0.2,0.95,4,P004,debugging,1,success,0.3264,16.0705,24.5791,9.8088,,26.2,,,,,,data/raw_outputs/T-2E8771736C40.txt,
T-6CB0802F8D01,2026-06-10T04:54:19.327642+00:00,HP-001,ollama,mistral:7b,7B,default,2048,0.2,0.95,4,P004,debugging,2,success,0.11,16.3092,22.0734,9.8154,,25.5,,,,,,data/raw_outputs/T-6CB0802F8D01.txt,
T-D2BDF16EDDA5,2026-06-10T04:54:38.978194+00:00,HP-001,ollama,mistral:7b,7B,default,2048,0.2,0.95,4,P004,debugging,3,success,0.104,16.2866,19.6481,9.8116,,27.6,,,,,,data/raw_outputs/T-D2BDF16EDDA5.txt,
T-4ED875935557,2026-06-10T04:54:57.052082+00:00,HP-001,ollama,mistral:7b,7B,default,2048,0.2,0.95,4,P005,safety,1,success,0.3173,15.9913,18.0723,9.8147,,39.4,,,,,,data/raw_outputs/T-4ED875935557.txt,
T-B654BFFDC507,2026-06-10T04:55:12.245023+00:00,HP-001,ollama,mistral:7b,7B,default,2048,0.2,0.95,4,P005,safety,2,success,0.1107,15.9303,15.1912,9.8127,,60.2,,,,,,data/raw_outputs/T-B654BFFDC507.txt,
T-BE30D165DC4D,2026-06-10T04:55:20.766518+00:00,HP-001,ollama,mistral:7b,7B,default,2048,0.2,0.95,4,P005,safety,3,success,0.1061,16.1967,8.5202,9.8098,,22.3,,,,,,data/raw_outputs/T-BE30D165DC4D.txt,
T-B03B757446E1,2026-06-10T04:55:32.243946+00:00,HP-001,ollama,mistral:7b,7B,default,2048,0.7,0.8,4,P001,basic_explanation,1,success,0.3101,16.0338,11.4758,9.8049,,24.5,,,,,,data/raw_outputs/T-B03B757446E1.txt,
T-F64AF1F71BC1,2026-06-10T04:55:44.121058+00:00,HP-001,ollama,mistral:7b,7B,default,2048,0.7,0.8,4,P001,basic_explanation,2,success,0.1099,16.251,11.8762,9.8817,,29.8,,,,,,data/raw_outputs/T-F64AF1F71BC1.txt,
T-8C2FBE8D129C,2026-06-10T04:55:53.464437+00:00,HP-001,ollama,mistral:7b,7B,default,2048,0.7,0.8,4,P001,basic_explanation,3,success,0.1106,16.1646,9.3414,9.748,,29.9,,,,,,data/raw_outputs/T-8C2FBE8D129C.txt,
T-1F169F52EEB3,2026-06-10T04:56:01.612565+00:00,HP-001,ollama,mistral:7b,7B,default,2048,0.7,0.8,4,P002,coding,1,success,0.298,15.8348,8.1466,9.7469,,27.8,,,,,,data/raw_outputs/T-1F169F52EEB3.txt,
T-B3973085799C,2026-06-10T04:56:09.187495+00:00,HP-001,ollama,mistral:7b,7B,default,2048,0.7,0.8,4,P002,coding,2,success,0.1139,15.8442,7.5737,9.8095,,60.0,,,,,,data/raw_outputs/T-B3973085799C.txt,
T-7FF839791C10,2026-06-10T04:56:16.849729+00:00,HP-001,ollama,mistral:7b,7B,default,2048,0.7,0.8,4,P002,coding,3,success,0.1043,16.1875,7.6602,9.7702,,22.1,,,,,,data/raw_outputs/T-7FF839791C10.txt,
T-A4D799DF4750,2026-06-10T04:56:38.786602+00:00,HP-001,ollama,mistral:7b,7B,default,2048,0.7,0.8,4,P003,linux,1,success,0.3185,16.138,21.9358,9.7963,,29.7,,,,,,data/raw_outputs/T-A4D799DF4750.txt,
T-7209F6D09A81,2026-06-10T04:57:00.804168+00:00,HP-001,ollama,mistral:7b,7B,default,2048,0.7,0.8,4,P003,linux,2,success,0.1128,16.2152,22.0164,9.8407,,28.6,,,,,,data/raw_outputs/T-7209F6D09A81.txt,
T-251CEE5840FD,2026-06-10T04:57:17.713714+00:00,HP-001,ollama,mistral:7b,7B,default,2048,0.7,0.8,4,P003,linux,3,success,0.1056,16.3234,16.9083,9.798,,26.9,,,,,,data/raw_outputs/T-251CEE5840FD.txt,
T-0603CA36B0A5,2026-06-10T04:57:45.816582+00:00,HP-001,ollama,mistral:7b,7B,default,2048,0.7,0.8,4,P004,debugging,1,success,0.3197,16.049,28.1015,9.8135,,33.3,,,,,,data/raw_outputs/T-0603CA36B0A5.txt,
T-0624A828307E,2026-06-10T04:58:08.858642+00:00,HP-001,ollama,mistral:7b,7B,default,2048,0.7,0.8,4,P004,debugging,2,success,0.1058,16.1888,23.0406,9.6758,,29.2,,,,,,data/raw_outputs/T-0624A828307E.txt,
T-EC3788F86371,2026-06-10T04:58:50.628065+00:00,HP-001,ollama,mistral:7b,7B,default,2048,0.7,0.8,4,P004,debugging,3,success,0.1051,16.1367,41.7681,9.6718,,26.0,,,,,,data/raw_outputs/T-EC3788F86371.txt,
T-B20D77D21876,2026-06-10T04:59:01.202678+00:00,HP-001,ollama,mistral:7b,7B,default,2048,0.7,0.8,4,P005,safety,1,success,0.3109,15.6997,10.5735,9.7355,,23.1,,,,,,data/raw_outputs/T-B20D77D21876.txt,
T-E48F80C2EADE,2026-06-10T04:59:10.842444+00:00,HP-001,ollama,mistral:7b,7B,default,2048,0.7,0.8,4,P005,safety,2,success,0.1032,16.2889,9.6385,9.7466,,25.7,,,,,,data/raw_outputs/T-E48F80C2EADE.txt,
T-028714E5F503,2026-06-10T04:59:25.278965+00:00,HP-001,ollama,mistral:7b,7B,default,2048,0.7,0.8,4,P005,safety,3,success,0.0993,16.0025,14.4352,9.7473,,24.5,,,,,,data/raw_outputs/T-028714E5F503.txt,
T-33FEE7AE681D,2026-06-10T04:59:37.234440+00:00,HP-001,ollama,mistral:7b,7B,default,2048,0.7,0.95,4,P001,basic_explanation,1,success,0.3131,15.8942,11.9541,9.7624,,26.7,,,,,,data/raw_outputs/T-33FEE7AE681D.txt,
T-05BB1B510D17,2026-06-10T04:59:47.737132+00:00,HP-001,ollama,mistral:7b,7B,default,2048,0.7,0.95,4,P001,basic_explanation,2,success,0.1033,16.1891,10.5009,9.7601,,28.0,,,,,,data/raw_outputs/T-05BB1B510D17.txt,
T-B7B45F3E66B5,2026-06-10T04:59:58.528754+00:00,HP-001,ollama,mistral:7b,7B,default,2048,0.7,0.95,4,P001,basic_explanation,3,success,0.1099,16.1254,10.7904,9.7545,,22.5,,,,,,data/raw_outputs/T-B7B45F3E66B5.txt,
T-7A262746C7B0,2026-06-10T05:00:05.934528+00:00,HP-001,ollama,mistral:7b,7B,default,2048,0.7,0.95,4,P002,coding,1,success,0.3021,15.6681,7.4036,9.7469,,34.3,,,,,,data/raw_outputs/T-7A262746C7B0.txt,
T-38A32CBFB508,2026-06-10T05:00:13.866321+00:00,HP-001,ollama,mistral:7b,7B,default,2048,0.7,0.95,4,P002,coding,2,success,0.1057,16.0142,7.9305,9.7455,,35.3,,,,,,data/raw_outputs/T-38A32CBFB508.txt,
T-73C49650C23B,2026-06-10T05:00:32.490222+00:00,HP-001,ollama,mistral:7b,7B,default,2048,0.7,0.95,4,P002,coding,3,success,0.1038,15.2503,18.6226,9.7722,,68.6,,,,,,data/raw_outputs/T-73C49650C23B.txt,
T-C41DBF66F7C6,2026-06-10T05:00:57.389942+00:00,HP-001,ollama,mistral:7b,7B,default,2048,0.7,0.95,4,P003,linux,1,success,0.3815,15.5434,24.8981,9.715,,63.6,,,,,,data/raw_outputs/T-C41DBF66F7C6.txt,
T-24E892D9299C,2026-06-10T05:01:18.709691+00:00,HP-001,ollama,mistral:7b,7B,default,2048,0.7,0.95,4,P003,linux,2,success,0.0979,15.1982,21.3183,9.6515,,89.4,,,,,,data/raw_outputs/T-24E892D9299C.txt,
T-671B30DFE9F5,2026-06-10T05:01:39.662709+00:00,HP-001,ollama,mistral:7b,7B,default,2048,0.7,0.95,4,P003,linux,3,success,0.0978,15.894,20.9512,9.6033,,62.5,,,,,,data/raw_outputs/T-671B30DFE9F5.txt,
T-09C10C17E240,2026-06-10T05:01:58.787144+00:00,HP-001,ollama,mistral:7b,7B,default,2048,0.7,0.95,4,P004,debugging,1,success,0.3072,16.0022,19.1223,9.4098,,51.4,,,,,,data/raw_outputs/T-09C10C17E240.txt,
T-2D05AB7A0E43,2026-06-10T05:02:18.722598+00:00,HP-001,ollama,mistral:7b,7B,default,2048,0.7,0.95,4,P004,debugging,2,success,0.1047,16.153,19.9344,9.4364,,29.2,,,,,,data/raw_outputs/T-2D05AB7A0E43.txt,
T-D977633B1B15,2026-06-10T05:02:47.599868+00:00,HP-001,ollama,mistral:7b,7B,default,2048,0.7,0.95,4,P004,debugging,3,success,0.1086,16.2072,28.8761,9.4376,,29.5,,,,,,data/raw_outputs/T-D977633B1B15.txt,
T-9E904E113F2C,2026-06-10T05:03:10.946577+00:00,HP-001,ollama,mistral:7b,7B,default,2048,0.7,0.95,4,P005,safety,1,success,0.32,16.2345,23.3453,9.4829,,25.5,,,,,,data/raw_outputs/T-9E904E113F2C.txt,
T-A9B55D25A53B,2026-06-10T05:03:27.688325+00:00,HP-001,ollama,mistral:7b,7B,default,2048,0.7,0.95,4,P005,safety,2,success,0.1035,16.3075,16.7407,9.4865,,29.2,,,,,,data/raw_outputs/T-A9B55D25A53B.txt,
T-4C8226C076A1,2026-06-10T05:03:39.739604+00:00,HP-001,ollama,mistral:7b,7B,default,2048,0.7,0.95,4,P005,safety,3,success,0.104,15.852,12.0489,9.483,,61.9,,,,,,data/raw_outputs/T-4C8226C076A1.txt,
